Date,Symbol,Status,Detail
01-01-2020,BANARISUG,MATCH,Common
01-01-2020,ERIS,MATCH,Common
01-01-2020,INDRAMEDCO,MATCH,Common
01-01-2020,JINDALSAW,MATCH,Common
01-01-2020,MANINDS,MATCH,Common
01-01-2020,SOLARINDS,MATCH,Common
01-01-2020,UNOMINDA,MATCH,Common
01-01-2024,ACCELYA,MATCH,Common
01-01-2024,CENTUM,MATCH,Common
01-01-2024,EIHAHOTELS,MATCH,Common
01-01-2024,FINOPB,MATCH,Common
01-01-2024,FUSION,MATCH,Common
01-01-2024,JAYBARMARU,MATCH,Common
01-01-2025,EICHERMOT,MATCH,Common
01-02-2021,BANKINDIA,MATCH,Common
01-02-2021,HGINFRA,MATCH,Common
01-02-2021,JINDALPOLY,MATCH,Common
01-02-2021,PNB,MATCH,Common
01-02-2021,PNBGILTS,MATCH,Common
01-02-2021,PSB,MATCH,Common
01-02-2021,PSPPROJECT,MATCH,Common
01-02-2021,RAMCOCEM,MATCH,Common
01-02-2021,SHREECEM,MATCH,Common
01-02-2021,SOTL,MATCH,Common
01-02-2021,UNIONBANK,MATCH,Common
01-02-2022,CGCL,MATCH,Common
01-02-2022,MAHLIFE,MATCH,Common
01-02-2022,RATNAMANI,MATCH,Common
01-02-2022,VEDL,MATCH,Common
01-02-2024,VGUARD,MATCH,Common
01-03-2019,HEIDELBERG,MATCH,Common
01-03-2019,IDFCFIRSTB,MATCH,Common
01-03-2021,GODREJIND,MATCH,Common
01-03-2021,VHL,MATCH,Common
01-03-2024,YUKEN,MISSING_IN_FILE1,Only in File2 (1707)
01-04-2019,POKARNA,MATCH,Common
01-04-2019,TATAINVEST,MATCH,Common
01-04-2021,FLUOROCHEM,MATCH,Common
01-04-2021,GUJALKALI,MATCH,Common
01-04-2021,LTFOODS,MATCH,Common
01-04-2022,APCOTEXIND,MATCH,Common
01-04-2022,APLAPOLLO,MATCH,Common
01-04-2022,BLS,MATCH,Common
01-04-2022,M&MFIN,MATCH,Common
01-04-2022,MANALIPETC,MATCH,Common
01-04-2022,MMFL,MATCH,Common
01-04-2022,NTPC,MATCH,Common
01-04-2022,OPTIEMUS,MATCH,Common
01-04-2022,SCHNEIDER,MATCH,Common
01-04-2022,THOMASCOOK,MATCH,Common
01-04-2024,ABCAPITAL,MATCH,Common
01-04-2024,ABFRL,MATCH,Common
01-04-2024,ASALCBR,MATCH,Common
01-04-2024,BHAGYANGR,MATCH,Common
01-04-2024,CENTRUM,MATCH,Common
01-04-2024,COROMANDEL,MATCH,Common
01-04-2024,DIVISLAB,MATCH,Common
01-04-2024,GEOJITFSL,MATCH,Common
01-04-2024,GMBREW,MATCH,Common
01-04-2024,GOKULAGRO,MATCH,Common
01-04-2024,GRSE,MATCH,Common
01-04-2024,GSFC,MATCH,Common
01-04-2024,HEG,MATCH,Common
01-04-2024,HGINFRA,MATCH,Common
01-04-2024,HINDZINC,MATCH,Common
01-04-2024,IGPL,MATCH,Common
01-04-2024,INDRAMEDCO,MATCH,Common
01-04-2024,JUBLINGREA,MATCH,Common
01-04-2024,JUSTDIAL,MATCH,Common
01-04-2024,LAURUSLABS,MATCH,Common
01-04-2024,MAHLOG,MATCH,Common
01-04-2024,MAZDOCK,MATCH,Common
01-04-2024,MOIL,MATCH,Common
01-04-2024,ORIENTHOT,MATCH,Common
01-04-2024,SCHAEFFLER,MATCH,Common
01-04-2024,SHREDIGCEM,MATCH,Common
01-04-2024,SYMPHONY,MATCH,Common
01-04-2024,TEJASNET,MATCH,Common
01-04-2024,UTIAMC,MATCH,Common
01-04-2025,BANARISUG,MATCH,Common
01-04-2025,CHOICEIN,MATCH,Common
01-04-2025,INDUSTOWER,MATCH,Common
01-04-2026,AKUMS,MATCH,Common
01-04-2026,ANANDRATHI,MATCH,Common
01-04-2026,JAYNECOIND,MATCH,Common
01-04-2026,PRAJIND,MATCH,Common
01-04-2026,SAMBHV,MATCH,Common
01-04-2026,SPORTKING,MATCH,Common
01-04-2026,SUVEN,MATCH,Common
01-04-2026,WELCORP,MATCH,Common
01-06-2020,ALEMBICLTD,MATCH,Common
01-06-2020,ASTRAMICRO,MATCH,Common
01-06-2020,BBOX,MATCH,Common
01-06-2020,DIACABS,MATCH,Common
01-06-2020,GOKULAGRO,MATCH,Common
01-06-2020,IOB,MATCH,Common
01-06-2020,JAYNECOIND,MATCH,Common
01-06-2020,JPOLYINVST,MATCH,Common
01-06-2020,JSL,MATCH,Common
01-06-2020,ONIDA,MATCH,Common
01-06-2020,RALLIS,MATCH,Common
01-06-2020,RELINFRA,MATCH,Common
01-06-2020,STYRENIX,MATCH,Common
01-06-2020,TRIDENT,MATCH,Common
01-06-2021,CRISIL,MATCH,Common
01-06-2021,HERITGFOOD,MATCH,Common
01-06-2021,TATACOMM,MATCH,Common
01-06-2023,ALLDIGI,MATCH,Common
01-06-2023,KALYANKJIL,MATCH,Common
01-06-2023,KENNAMET,MATCH,Common
01-06-2023,KERNEX,MATCH,Common
01-06-2023,KSL,MATCH,Common
01-06-2023,OBEROIRLTY,MATCH,Common
01-06-2023,VTL,MATCH,Common
01-06-2026,JASH,MATCH,Common
01-06-2026,QUADFUTURE,MATCH,Common
01-07-2020,RESPONIND,MATCH,Common
01-07-2021,BDL,MATCH,Common
01-07-2021,INDNIPPON,MATCH,Common
01-07-2021,JYOTHYLAB,MATCH,Common
01-07-2022,AUTOAXLES,MATCH,Common
01-07-2024,APLLTD,MATCH,Common
01-07-2024,ASIANHOTNR,MATCH,Common
01-07-2024,FAZE3Q,MATCH,Common
01-07-2024,GREAVESCOT,MATCH,Common
01-07-2024,JYOTHYLAB,MATCH,Common
01-07-2024,NDRAUTO,MATCH,Common
01-07-2024,PFS,MATCH,Common
01-07-2024,SUNFLAG,MATCH,Common
01-07-2024,TCI,MATCH,Common
01-07-2024,VINDHYATEL,MATCH,Common
01-07-2026,BHARATSE,MATCH,Common
01-07-2026,EMIL,MATCH,Common
01-07-2026,IKS,MATCH,Common
01-07-2026,MUNJALAU,MATCH,Common
01-07-2026,RPGLIFE,MATCH,Common
01-08-2022,BASF,MATCH,Common
01-08-2022,BHARATWIRE,MATCH,Common
01-08-2022,DIAMONDYD,MATCH,Common
01-08-2022,EVEREADY,MATCH,Common
01-08-2022,EXCELINDUS,MATCH,Common
01-08-2022,GABRIEL,MATCH,Common
01-08-2022,GULFOILLUB,MATCH,Common
01-08-2022,JSWENERGY,MATCH,Common
01-08-2022,NRBBEARING,MATCH,Common
01-08-2022,PANAMAPET,MATCH,Common
01-08-2022,REFEX,MATCH,Common
01-08-2022,SCHNEIDER,MATCH,Common
01-08-2022,SKMEGGPROD,MATCH,Common
01-08-2022,UFLEX,MATCH,Common
01-08-2023,BFINVEST,MATCH,Common
01-08-2023,BGRENERGY,MATCH,Common
01-08-2023,GREAVESCOT,MATCH,Common
01-08-2023,LAURUSLABS,MATCH,Common
01-08-2023,PUNJABCHEM,MATCH,Common
01-08-2025,JAYBARMARU,MATCH,Common
01-09-2021,GMRAIRPORT,MATCH,Common
01-09-2022,KIMS,MATCH,Common
01-09-2022,RELIGARE,MATCH,Common
01-09-2022,RIIL,MATCH,Common
01-09-2022,SIRCA,MATCH,Common
01-09-2023,COALINDIA,MATCH,Common
01-09-2023,RENUKA,MATCH,Common
01-09-2023,SAGCEM,MATCH,Common
01-09-2023,SCHAEFFLER,MATCH,Common
01-09-2025,AMBER,MATCH,Common
01-09-2025,CENTURYPLY,MATCH,Common
01-09-2025,HINDZINC,MATCH,Common
01-09-2025,IBULLSLTD,MATCH,Common
01-09-2025,KAYNES,MATCH,Common
01-09-2025,NATIONALUM,MATCH,Common
01-09-2025,VARROC,MATCH,Common
01-09-2025,YESBANK,MATCH,Common
01-10-2019,NMDC,MATCH,Common
01-10-2020,QUESS,MATCH,Common
01-10-2020,TRIDENT,MATCH,Common
01-10-2021,TVSMOTOR,MATCH,Common
01-10-2024,BANCOINDIA,MATCH,Common
01-10-2025,APLAPOLLO,MATCH,Common
01-10-2025,BHEL,MATCH,Common
01-10-2025,CANFINHOME,MATCH,Common
01-10-2025,DCBBANK,MATCH,Common
01-10-2025,JKPAPER,MATCH,Common
01-10-2025,KICL,MATCH,Common
01-10-2025,ONGC,MATCH,Common
01-10-2025,SHRIRAMFIN,MATCH,Common
01-11-2018,APOLLOHOSP,MATCH,Common
01-11-2018,EIHOTEL,MATCH,Common
01-11-2019,INDRAMEDCO,MATCH,Common
01-11-2019,MOTILALOFS,MATCH,Common
01-11-2021,AURUM,MATCH,Common
01-11-2021,STEELXIND,MATCH,Common
01-11-2022,GICRE,MATCH,Common
01-11-2022,HUDCO,MATCH,Common
01-11-2022,IOB,MATCH,Common
01-11-2022,PFIZER,MATCH,Common
01-11-2023,IOC,MATCH,Common
01-12-2020,ARVSMART,MATCH,Common
01-12-2020,DMART,MATCH,Common
01-12-2020,ICRA,MATCH,Common
01-12-2020,JWL,MATCH,Common
01-12-2020,MADRASFERT,MATCH,Common
01-12-2020,SIGMAADV,MATCH,Common
01-12-2020,SIMPLEXINF,MATCH,Common
01-12-2020,SUMICHEM,MATCH,Common
01-12-2020,SUNPHARMA,MATCH,Common
01-12-2020,SWSOLAR,MATCH,Common
01-12-2020,TCIEXP,MATCH,Common
01-12-2020,UNITECH,MATCH,Common
01-12-2020,VHL,MATCH,Common
01-12-2020,VINDHYATEL,MATCH,Common
01-12-2021,RIIL,MATCH,Common
01-12-2023,ASIANPAINT,MATCH,Common
01-12-2023,CLEAN,MATCH,Common
01-12-2023,ITC,MATCH,Common
01-12-2023,MADRASFERT,MATCH,Common
01-12-2023,RUSTOMJEE,MATCH,Common
01-12-2023,VRLLOG,MATCH,Common
01-12-2025,GAEL,MATCH,Common
02-01-2019,CHAMBLFERT,MATCH,Common
02-01-2020,ASAHIINDIA,MATCH,Common
02-01-2020,CDSL,MATCH,Common
02-01-2020,FACT,MATCH,Common
02-01-2020,FOSECOIND,MATCH,Common
02-01-2020,HCLTECH,MATCH,Common
02-01-2020,IEX,MATCH,Common
02-01-2020,JAICORPLTD,MATCH,Common
02-01-2020,LAURUSLABS,MATCH,Common
02-01-2020,RIIL,MATCH,Common
02-01-2020,SHREECEM,MATCH,Common
02-01-2020,VIYASH,MATCH,Common
02-01-2020,VSTTILLERS,MATCH,Common
02-01-2023,ANUP,MATCH,Common
02-01-2023,BAJAJCON,MATCH,Common
02-01-2023,GSPL,MATCH,Common
02-01-2023,SALZERELEC,MATCH,Common
02-01-2024,ABBOTINDIA,MATCH,Common
02-01-2024,ABFRL,MATCH,Common
02-01-2024,IIFL,MATCH,Common
02-01-2024,SHK,MATCH,Common
02-01-2024,SYMPHONY,MATCH,Common
02-01-2024,TAJGVK,MATCH,Common
02-01-2024,TRIDENT,MATCH,Common
02-01-2024,UNICHEMLAB,MATCH,Common
02-01-2025,BAJFINANCE,MATCH,Common
02-01-2025,SBICARD,MATCH,Common
02-01-2025,ZENSARTECH,MATCH,Common
02-02-2021,360ONE,MATCH,Common
02-02-2021,ADOR,MATCH,Common
02-02-2021,BHEL,MATCH,Common
02-02-2021,BPCL,MATCH,Common
02-02-2021,GPPL,MATCH,Common
02-02-2021,MANAPPURAM,MATCH,Common
02-02-2021,TDPOWERSYS,MATCH,Common
02-02-2021,WELENT,MATCH,Common
02-02-2022,SHANTIGEAR,MATCH,Common
02-02-2024,BIOCON,MATCH,Common
02-02-2024,SMSPHARMA,MATCH,Common
02-02-2026,AVANTIFEED,MATCH,Common
02-02-2026,CIEINDIA,MATCH,Common
02-02-2026,DATAPATTNS,MATCH,Common
02-02-2026,GRWRHITECH,MATCH,Common
02-02-2026,KEI,MATCH,Common
02-02-2026,PETRONET,MATCH,Common
02-02-2026,POLYCAB,MATCH,Common
02-02-2026,POWERGRID,MATCH,Common
02-02-2026,SARDAEN,MATCH,Common
02-02-2026,SIEMENS,MATCH,Common
02-03-2022,MAITHANALL,MATCH,Common
02-03-2022,PRAKASH,MATCH,Common
02-03-2023,360ONE,MATCH,Common
02-03-2023,APOLLOPIPE,MATCH,Common
02-03-2023,KSB,MATCH,Common
02-03-2023,NH,MATCH,Common
02-04-2019,GVPIL,MATCH,Common
02-04-2024,CMSINFO,MATCH,Common
02-04-2024,GODREJAGRO,MATCH,Common
02-04-2024,INDOSTAR,MATCH,Common
02-04-2024,RALLIS,MATCH,Common
02-04-2024,REFEX,MATCH,Common
02-04-2025,SILVERTUC,MATCH,Common
02-04-2026,SCHNEIDER,MATCH,Common
02-05-2019,SHAKTIPUMP,MATCH,Common
02-05-2019,TRENT,MATCH,Common
02-05-2023,CRAFTSMAN,MATCH,Common
02-05-2023,DHANUKA,MATCH,Common
02-05-2023,FINPIPE,MATCH,Common
02-05-2023,GOKEX,MATCH,Common
02-05-2023,IGARASHI,MATCH,Common
02-05-2023,KEC,MATCH,Common
02-05-2023,MARUTI,MATCH,Common
02-05-2023,MAXHEALTH,MATCH,Common
02-05-2023,PNCINFRA,MATCH,Common
02-05-2023,PRINCEPIPE,MATCH,Common
02-05-2023,RAMCOCEM,MATCH,Common
02-05-2023,SAPPHIRE,MATCH,Common
02-05-2023,SUPRAJIT,MATCH,Common
02-05-2023,THERMAX,MATCH,Common
02-05-2023,TRENT,MATCH,Common
02-05-2024,CARTRADE,MATCH,Common
02-05-2024,SILVERTUC,MATCH,Common
02-05-2025,ADANIPORTS,MATCH,Common
02-05-2025,MOIL,MATCH,Common
02-06-2020,GEOJITFSL,MATCH,Common
02-06-2020,GUJENERGY,MATCH,Common
02-06-2020,HMT,MATCH,Common
02-06-2020,JAGSNPHARM,MATCH,Common
02-06-2020,JPPOWER,MATCH,Common
02-06-2020,MOREPENLAB,MATCH,Common
02-06-2020,RAJRILTD,MATCH,Common
02-06-2020,SPIC,MATCH,Common
02-06-2020,STEELXIND,MATCH,Common
02-06-2021,EPL,MATCH,Common
02-06-2021,GMBREW,MATCH,Common
02-06-2021,GOCLCORP,MATCH,Common
02-06-2021,VESUVIUS,MATCH,Common
02-06-2021,ZOTA,MATCH,Common
02-06-2022,ELECON,MATCH,Common
02-06-2023,AJANTPHARM,MATCH,Common
02-06-2023,GATEWAY,MATCH,Common
02-06-2023,HBLENGINE,MATCH,Common
02-06-2023,INDIANHUME,MATCH,Common
02-06-2023,JAGSNPHARM,MATCH,Common
02-06-2023,KDDL,MATCH,Common
02-06-2023,PARAS,MATCH,Common
02-06-2023,SASKEN,MATCH,Common
02-06-2023,ZOTA,MATCH,Common
02-06-2025,ASTRAZEN,MATCH,Common
02-06-2025,HERITGFOOD,MATCH,Common
02-06-2025,INDOBORAX,MATCH,Common
02-06-2025,INDOCO,MATCH,Common
02-06-2025,KARURVYSYA,MATCH,Common
02-06-2025,KFINTECH,MATCH,Common
02-06-2025,MANALIPETC,MATCH,Common
02-06-2025,MARATHON,MATCH,Common
02-06-2026,STEL,MATCH,Common
02-06-2026,UNIMECH,MATCH,Common
02-07-2019,RELIGARE,MATCH,Common
02-07-2020,ZYDUSWELL,MATCH,Common
02-07-2021,MAHSCOOTER,MATCH,Common
02-07-2024,BALAMINES,MATCH,Common
02-07-2024,EKC,MATCH,Common
02-07-2024,GLOBUSSPR,MATCH,Common
02-07-2024,HATHWAY,MATCH,Common
02-07-2024,HATSUN,MATCH,Common
02-07-2024,KINGFA,MATCH,Common
02-07-2024,LAURUSLABS,MATCH,Common
02-07-2024,MARKSANS,MATCH,Common
02-07-2024,SUNDROP,MATCH,Common
02-07-2024,TALBROAUTO,MATCH,Common
02-07-2024,TATACONSUM,MATCH,Common
02-07-2024,VIYASH,MATCH,Common
02-07-2025,METROPOLIS,MATCH,Common
02-07-2025,SUMICHEM,MATCH,Common
02-07-2026,MAHLOG,DIFF,Only in File1 (2207)
02-07-2026,IFGLEXPOR,DIFF,Only in File2 (1707)
02-07-2026,ANANTRAJ,DIFF,Common
02-07-2026,IKIO,DIFF,Common
02-07-2026,JUSTDIAL,DIFF,Common
02-07-2026,PICCADIL,DIFF,Common
02-07-2026,UDS,DIFF,Common
02-08-2021,BRITANNIA,MATCH,Common
02-08-2022,BEML,MATCH,Common
02-08-2022,GANDHITUBE,MATCH,Common
02-08-2022,POWERINDIA,MATCH,Common
02-08-2022,RUBYMILLS,MATCH,Common
02-08-2022,SPAL,MATCH,Common
02-08-2022,TARIL,MATCH,Common
02-08-2022,TEJASNET,MATCH,Common
02-08-2023,BAYERCROP,MATCH,Common
02-08-2023,MPSLTD,MATCH,Common
02-08-2023,RTNINDIA,MATCH,Common
02-09-2021,FINEORG,MATCH,Common
02-09-2022,HUHTAMAKI,MATCH,Common
02-09-2022,SKIPPER,MATCH,Common
02-09-2022,VGUARD,MATCH,Common
02-09-2024,INDOBORAX,MATCH,Common
02-09-2024,SBICARD,MATCH,Common
02-09-2025,E2E,DIFF,Only in File1 (2207)
02-09-2025,ASKAUTOLTD,DIFF,Common
02-09-2025,HEMIPROP,DIFF,Common
02-09-2025,IFBIND,DIFF,Common
02-09-2025,METROBRAND,DIFF,Common
02-09-2025,MUTHOOTMF,DIFF,Common
02-09-2025,NMDC,DIFF,Common
02-09-2025,SKFINDIA,DIFF,Common
02-11-2018,DEEPINDS,MATCH,Common
02-11-2018,NEWGEN,MATCH,Common
02-11-2020,3MINDIA,MATCH,Common
02-11-2020,ABCAPITAL,MATCH,Common
02-11-2020,BAJFINANCE,MATCH,Common
02-11-2020,CENTRUM,MATCH,Common
02-11-2020,FINPIPE,MATCH,Common
02-11-2020,GULFOILLUB,MATCH,Common
02-11-2020,ICICIBANK,MATCH,Common
02-11-2020,INDUSINDBK,MATCH,Common
02-11-2020,KERNEX,MATCH,Common
02-11-2020,PFC,MATCH,Common
02-11-2020,PITTIENG,MATCH,Common
02-11-2020,PNBGILTS,MATCH,Common
02-11-2020,SAFARI,MATCH,Common
02-11-2020,SHRIRAMFIN,MATCH,Common
02-11-2021,SALZERELEC,MATCH,Common
02-11-2022,EIMCOELECO,MATCH,Common
02-11-2022,FACT,MATCH,Common
02-11-2022,GANDHITUBE,MATCH,Common
02-11-2022,IFCI,MATCH,Common
02-11-2022,JAGRAN,MATCH,Common
02-11-2022,PRECWIRE,MATCH,Common
02-11-2022,REDINGTON,MATCH,Common
02-11-2022,SHRIPISTON,MATCH,Common
02-11-2022,TECHNOE,MATCH,Common
02-11-2022,VIJAYA,MATCH,Common
02-11-2023,BLISSGVS,MATCH,Common
02-11-2023,CARYSIL,MATCH,Common
02-11-2023,RADICO,MATCH,Common
02-12-2019,NMDC,MATCH,Common
02-12-2019,PRESTIGE,MATCH,Common
02-12-2020,ASIANHOTNR,MATCH,Common
02-12-2020,DYNAMATECH,MATCH,Common
02-12-2020,HMT,MATCH,Common
02-12-2020,INDOCO,MATCH,Common
02-12-2020,INDRAMEDCO,MATCH,Common
02-12-2020,PCJEWELLER,MATCH,Common
02-12-2020,PIDILITIND,MATCH,Common
02-12-2020,SHREEPUSHK,MATCH,Common
02-12-2020,TI,MATCH,Common
02-12-2021,63MOONS,MATCH,Common
02-12-2021,MAYURUNIQ,MATCH,Common
02-12-2021,RAMKY,MATCH,Common
02-12-2022,HERITGFOOD,MATCH,Common
02-12-2022,HINDWAREAP,MATCH,Common
02-12-2022,PNCINFRA,MATCH,Common
02-12-2022,SURYAROSNI,MATCH,Common
02-12-2024,RELIGARE,MATCH,Common
02-12-2025,BSOFT,MATCH,Common
02-12-2025,MASFIN,MATCH,Common
03-01-2020,BAYERCROP,MATCH,Common
03-01-2022,AUBANK,MATCH,Common
03-01-2022,DEEPAKFERT,MATCH,Common
03-01-2022,GRASIM,MATCH,Common
03-01-2022,GREAVESCOT,MATCH,Common
03-01-2022,INDNIPPON,MATCH,Common
03-01-2022,ORIENTHOT,MATCH,Common
03-01-2022,PANAMAPET,MATCH,Common
03-01-2022,RAJRATAN,MATCH,Common
03-01-2022,VHL,MATCH,Common
03-01-2023,MFSL,MATCH,Common
03-01-2024,ACCELYA,MATCH,Common
03-01-2024,APEX,MATCH,Common
03-01-2024,BORORENEW,MATCH,Common
03-01-2024,STEELCAS,MATCH,Common
03-02-2021,HAL,MATCH,Common
03-02-2021,JINDALPOLY,MATCH,Common
03-02-2021,POWERGRID,MATCH,Common
03-02-2021,PRICOLLTD,MATCH,Common
03-02-2022,AVTNPL,MATCH,Common
03-02-2022,BALAJITELE,MATCH,Common
03-02-2022,IMAGICAA,MATCH,Common
03-02-2022,MAHLIFE,MATCH,Common
03-02-2023,63MOONS,MATCH,Common
03-02-2026,ADANIENSOL,MATCH,Common
03-02-2026,ADANIPORTS,MATCH,Common
03-02-2026,BANDHANBNK,MATCH,Common
03-02-2026,NAM-INDIA,MATCH,Common
03-02-2026,NITINSPIN,MATCH,Common
03-02-2026,NYKAA,MATCH,Common
03-02-2026,TIMKEN,MATCH,Common
03-02-2026,TORNTPOWER,MATCH,Common
03-02-2026,UEL,MATCH,Common
03-02-2026,VOLTAS,MATCH,Common
03-03-2021,TCPLPACK,MATCH,Common
03-03-2022,SPLPETRO,MATCH,Common
03-03-2025,BLUESTARCO,MATCH,Common
03-03-2025,FORCEMOT,MATCH,Common
03-04-2020,CIPLA,MATCH,Common
03-04-2023,ALIVUS,MATCH,Common
03-04-2023,ARVIND,MATCH,Common
03-04-2023,ASHAPURMIN,MATCH,Common
03-04-2023,ASHOKA,MATCH,Common
03-04-2023,BAJAJ-AUTO,MATCH,Common
03-04-2023,CSBBANK,MATCH,Common
03-04-2023,DEEPINDS,MATCH,Common
03-04-2023,ICEMAKE,MATCH,Common
03-04-2023,IOLCP,MATCH,Common
03-04-2023,JWL,MATCH,Common
03-04-2023,LINCOLN,MATCH,Common
03-04-2023,REFEX,MATCH,Common
03-04-2023,SWARAJENG,MATCH,Common
03-04-2023,TAJGVK,MATCH,Common
03-04-2023,TARC,MATCH,Common
03-04-2023,TORNTPHARM,MATCH,Common
03-04-2023,WELSPUNLIV,MATCH,Common
03-04-2024,AFSL,MATCH,Common
03-04-2024,GMRP&UI,MATCH,Common
03-04-2024,INDSWFTLAB,MATCH,Common
03-04-2024,NYKAA,MATCH,Common
03-04-2024,TIRUMALCHM,MATCH,Common
03-04-2025,DCBBANK,MATCH,Common
03-04-2025,KITEX,MATCH,Common
03-05-2019,PAISALO,MATCH,Common
03-05-2021,AVTNPL,MATCH,Common
03-05-2021,BSE,MATCH,Common
03-05-2021,CESC,MATCH,Common
03-05-2021,NELCAST,MATCH,Common
03-05-2021,RSYSTEMS,MATCH,Common
03-05-2021,RUBYMILLS,MATCH,Common
03-05-2021,SPAL,MATCH,Common
03-05-2021,SUNDROP,MATCH,Common
03-05-2021,VENKEYS,MATCH,Common
03-05-2023,AHLUCONT,MATCH,Common
03-05-2023,BEPL,MATCH,Common
03-05-2023,BIRLACORPN,MATCH,Common
03-05-2023,ELECTHERM,MATCH,Common
03-05-2023,HIRECT,MATCH,Common
03-05-2023,MANINDS,MATCH,Common
03-05-2023,RATNAMANI,MATCH,Common
03-05-2024,ASTRAZEN,MATCH,Common
03-06-2020,HATSUN,MATCH,Common
03-06-2020,SAREGAMA,MATCH,Common
03-06-2020,STYRENIX,MATCH,Common
03-06-2020,TARIL,MATCH,Common
03-06-2020,UEL,MATCH,Common
03-06-2020,XPROINDIA,MATCH,Common
03-06-2021,5PAISA,MATCH,Common
03-06-2021,EIMCOELECO,MATCH,Common
03-06-2021,ELECTHERM,MATCH,Common
03-06-2024,BLKASHYAP,MATCH,Common
03-06-2024,CHOLAFIN,MATCH,Common
03-06-2024,ESABINDIA,MATCH,Common
03-06-2024,GIPCL,MATCH,Common
03-06-2024,GRANULES,MATCH,Common
03-06-2024,JKCEMENT,MATCH,Common
03-06-2024,LTF,MATCH,Common
03-06-2024,M&MFIN,MATCH,Common
03-06-2024,PRAJIND,MATCH,Common
03-06-2024,TIINDIA,MATCH,Common
03-06-2024,UPL,MATCH,Common
03-06-2024,VSTTILLERS,MATCH,Common
03-06-2024,ZOTA,MATCH,Common
03-06-2025,ABBOTINDIA,MATCH,Common
03-06-2026,CARTRADE,MATCH,Common
03-06-2026,GREENPLY,MATCH,Common
03-06-2026,JBMA,MATCH,Common
03-06-2026,SSWL,MATCH,Common
03-07-2020,AMBUJACEM,MATCH,Common
03-07-2020,HCLTECH,MATCH,Common
03-07-2020,RESPONIND,MATCH,Common
03-07-2023,ASAHIINDIA,MATCH,Common
03-07-2023,CANBK,MATCH,Common
03-07-2023,GNA,MATCH,Common
03-07-2023,KPIL,MATCH,Common
03-07-2023,MAITHANALL,MATCH,Common
03-07-2023,PNB,MATCH,Common
03-07-2023,TEXINFRA,MATCH,Common
03-07-2024,CREST,MATCH,Common
03-07-2024,HINDOILEXP,MATCH,Common
03-07-2024,MMTC,MATCH,Common
03-07-2024,MSPL,MATCH,Common
03-07-2024,PFS,MATCH,Common
03-07-2024,RATEGAIN,MATCH,Common
03-07-2024,SUMEETINDS,MATCH,Common
03-07-2026,BUTTERFLY,MATCH,Common
03-07-2026,EPL,MATCH,Common
03-07-2026,GANECOS,MATCH,Common
03-07-2026,MPSLTD,MATCH,Common
03-07-2026,MUNJALAU,MATCH,Common
03-07-2026,STALLION,MATCH,Common
03-07-2026,SUMICHEM,MATCH,Common
03-08-2020,ALLDIGI,MATCH,Common
03-08-2020,ATGL,MATCH,Common
03-08-2020,ENDURANCE,MATCH,Common
03-08-2020,EXPLEOSOL,MATCH,Common
03-08-2020,ONIDA,MATCH,Common
03-08-2020,PGHL,MATCH,Common
03-08-2020,RATNAMANI,MATCH,Common
03-08-2020,TEAMLEASE,MATCH,Common
03-08-2020,TIMKEN,MATCH,Common
03-08-2020,TMPV,MATCH,Common
03-08-2020,TRIVENI,MATCH,Common
03-08-2020,VIDHIING,MATCH,Common
03-08-2021,NESTLEIND,MATCH,Common
03-08-2022,PGIL,MATCH,Common
03-08-2022,PREMEXPLN,MATCH,Common
03-08-2023,DBREALTY,MATCH,Common
03-08-2023,DPABHUSHAN,MATCH,Common
03-08-2023,INDIAGLYCO,MATCH,Common
03-08-2023,MANGLMCEM,MATCH,Common
03-08-2023,OPTIEMUS,MATCH,Common
03-08-2023,SAKAR,MATCH,Common
03-09-2019,CGCL,MATCH,Common
03-09-2019,GLAXO,MATCH,Common
03-09-2019,WHIRLPOOL,MATCH,Common
03-09-2020,ELECTCAST,MATCH,Common
03-09-2024,ICRA,MATCH,Common
03-09-2024,PRSMJOHNSN,MATCH,Common
03-09-2025,AVALON,MATCH,Common
03-09-2025,JINDALSTEL,MATCH,Common
03-09-2025,JSWSTEEL,MATCH,Common
03-09-2025,KEI,MATCH,Common
03-09-2025,LGBBROSLTD,MATCH,Common
03-09-2025,NEULANDLAB,MATCH,Common
03-09-2025,NSIL,MATCH,Common
03-09-2025,NSLNISP,MATCH,Common
03-09-2025,PREMEXPLN,MATCH,Common
03-09-2025,TANLA,MATCH,Common
03-09-2025,TATASTEEL,MATCH,Common
03-09-2025,TBOTEK,MATCH,Common
03-09-2025,YESBANK,MATCH,Common
03-10-2019,NAUKRI,MATCH,Common
03-10-2022,BLUESTARCO,MATCH,Common
03-10-2022,CMSINFO,MATCH,Common
03-10-2022,FDC,MATCH,Common
03-10-2022,GRAUWEIL,MATCH,Common
03-10-2022,JAYBARMARU,MATCH,Common
03-10-2022,LAOPALA,MATCH,Common
03-10-2022,ONEPOINT,MATCH,Common
03-10-2022,TBZ,MATCH,Common
03-10-2023,BHAGCHEM,MATCH,Common
03-10-2023,DOLATALGO,MATCH,Common
03-10-2023,HEIDELBERG,MATCH,Common
03-10-2023,MACPOWER,MATCH,Common
03-10-2023,ORIENTHOT,MATCH,Common
03-10-2024,CARERATING,MATCH,Common
03-10-2025,ADOR,MATCH,Common
03-10-2025,ASTRAMICRO,MATCH,Common
03-10-2025,BEML,MATCH,Common
03-10-2025,BORORENEW,MATCH,Common
03-10-2025,GESHIP,MATCH,Common
03-10-2025,GMBREW,MATCH,Common
03-10-2025,KALAMANDIR,MATCH,Common
03-10-2025,NAVNETEDUL,MATCH,Common
03-10-2025,NBCC,MATCH,Common
03-10-2025,PNGJL,MATCH,Common
03-10-2025,RPEL,MATCH,Common
03-10-2025,SUMMITSEC,MATCH,Common
03-10-2025,TATAPOWER,MATCH,Common
03-11-2020,AARTIIND,MATCH,Common
03-11-2020,ARMANFIN,MATCH,Common
03-11-2020,BANDHANBNK,MATCH,Common
03-11-2020,BRIGADE,MATCH,Common
03-11-2020,CUB,MATCH,Common
03-11-2020,HINDALCO,MATCH,Common
03-11-2020,NMDC,MATCH,Common
03-11-2020,ORCHPHARMA,MATCH,Common
03-11-2020,POONAWALLA,MATCH,Common
03-11-2020,PREMEXPLN,MATCH,Common
03-11-2020,RBLBANK,MATCH,Common
03-11-2020,RELAXO,MATCH,Common
03-11-2020,SBIN,MATCH,Common
03-11-2020,SIEMENS,MATCH,Common
03-11-2022,CENTRALBK,MATCH,Common
03-11-2022,DREDGECORP,MATCH,Common
03-11-2022,IOB,MATCH,Common
03-11-2022,KDDL,MATCH,Common
03-11-2022,LINCOLN,MATCH,Common
03-11-2022,LTF,MATCH,Common
03-11-2023,APOLLOHOSP,MATCH,Common
03-11-2023,JKLAKSHMI,MATCH,Common
03-11-2023,VSSL,MATCH,Common
03-11-2025,3MINDIA,MATCH,Common
03-11-2025,BLSE,MATCH,Common
03-12-2020,ANDHRSUGAR,MATCH,Common
03-12-2020,DHANBANK,MATCH,Common
03-12-2020,INDOSTAR,MATCH,Common
03-12-2020,JPOLYINVST,MATCH,Common
03-12-2020,KICL,MATCH,Common
03-12-2020,LUMAXIND,MATCH,Common
03-12-2020,ONIDA,MATCH,Common
03-12-2020,PGHH,MATCH,Common
03-12-2020,RITES,MATCH,Common
03-12-2020,SEPC,MATCH,Common
03-12-2020,SSWL,MATCH,Common
03-12-2020,SUVEN,MATCH,Common
03-12-2020,VTL,MATCH,Common
03-12-2021,NITCO,MATCH,Common
03-12-2024,BLS,MATCH,Common
03-12-2024,BORORENEW,MATCH,Common
03-12-2024,JINDWORLD,MATCH,Common
04-01-2019,LALPATHLAB,MATCH,Common
04-01-2019,NAUKRI,MATCH,Common
04-01-2021,NAM-INDIA,MATCH,Common
04-01-2021,TECHNOE,MATCH,Common
04-01-2024,AYMSYNTEX,MATCH,Common
04-01-2024,FINPIPE,MATCH,Common
04-01-2024,FUSION,MATCH,Common
04-01-2024,INDORAMA,MATCH,Common
04-01-2024,PFOCUS,MATCH,Common
04-02-2020,BOROLTD,MATCH,Common
04-02-2021,IRCTC,MATCH,Common
04-02-2021,KIRLOSENG,MATCH,Common
04-02-2021,TASTYBITE,MATCH,Common
04-02-2025,AARTIPHARM,MATCH,Common
04-03-2022,TTKHLTCARE,MATCH,Common
04-03-2024,KIRLOSBROS,MATCH,Common
04-03-2025,ASTRAZEN,MATCH,Common
04-03-2025,AVANTIFEED,MATCH,Common
04-03-2025,MPSLTD,MATCH,Common
04-03-2025,NACLIND,MATCH,Common
04-03-2025,STEELCAS,MATCH,Common
04-03-2025,VADILALIND,MATCH,Common
04-04-2019,GVPIL,MATCH,Common
04-04-2019,ORIENTCEM,MATCH,Common
04-04-2022,ASTRAMICRO,MATCH,Common
04-04-2022,CLSEL,MATCH,Common
04-04-2022,CONTROLPR,MATCH,Common
04-04-2022,EIDPARRY,MATCH,Common
04-04-2022,GRSE,MATCH,Common
04-04-2022,JPPOWER,MATCH,Common
04-04-2022,NHPC,MATCH,Common
04-04-2022,RENUKA,MATCH,Common
04-04-2022,SUZLON,MATCH,Common
04-04-2022,TIMETECHNO,MATCH,Common
04-04-2024,CAPACITE,MATCH,Common
04-04-2024,JUBLINGREA,MATCH,Common
04-04-2024,SURYODAY,MATCH,Common
04-05-2021,GRPLTD,DIFF,Only in File1 (2207)
04-05-2021,EXPLEOSOL,DIFF,Common
04-05-2021,PARAGMILK,DIFF,Common
04-05-2023,ADFFOODS,MATCH,Common
04-05-2023,KAJARIACER,MATCH,Common
04-05-2023,SUZLON,MATCH,Common
04-05-2023,TRENT,MATCH,Common
04-05-2023,VESUVIUS,MATCH,Common
04-05-2026,AJANTPHARM,MATCH,Common
04-05-2026,GALAPREC,MATCH,Common
04-05-2026,GLAND,MATCH,Common
04-05-2026,KIMS,MATCH,Common
04-05-2026,LALPATHLAB,MATCH,Common
04-05-2026,SANDHAR,MATCH,Common
04-06-2019,MASFIN,MATCH,Common
04-06-2019,VOLTAS,MATCH,Common
04-06-2020,BBOX,MATCH,Common
04-06-2021,NETWORK18,MATCH,Common
04-06-2021,RAJESHEXPO,MATCH,Common
04-06-2021,RANEHOLDIN,MATCH,Common
04-06-2021,WAAREEINDO,MATCH,Common
04-06-2024,SUNTV,MATCH,Common
04-06-2024,UTIAMC,MATCH,Common
04-06-2026,AURUM,MATCH,Common
04-06-2026,IPCALAB,MATCH,Common
04-06-2026,JASH,MATCH,Common
04-06-2026,PDSL,MATCH,Common
04-06-2026,RICOAUTO,MATCH,Common
04-06-2026,ROTO,MATCH,Common
04-06-2026,TVSSCS,MATCH,Common
04-06-2026,XPROINDIA,MATCH,Common
04-07-2022,GRPLTD,DIFF,Only in File1 (2207)
04-07-2022,ABB,DIFF,Common
04-07-2022,ARTEMISMED,DIFF,Common
04-07-2022,CEATLTD,DIFF,Common
04-07-2022,DABUR,DIFF,Common
04-07-2022,HSCL,DIFF,Common
04-07-2022,ICICIBANK,DIFF,Common
04-07-2022,INDHOTEL,DIFF,Common
04-07-2022,KENNAMET,DIFF,Common
04-07-2022,KKCL,DIFF,Common
04-07-2022,KTKBANK,DIFF,Common
04-07-2022,LEMONTREE,DIFF,Common
04-07-2022,MOLDTKPAC,DIFF,Common
04-07-2022,PIIND,DIFF,Common
04-07-2022,SUMICHEM,DIFF,Common
04-07-2022,TRENT,DIFF,Common
04-07-2023,KSCL,MATCH,Common
04-07-2023,MOIL,MATCH,Common
04-07-2023,PETRONET,MATCH,Common
04-07-2023,SOBHA,MATCH,Common
04-07-2023,SUNTV,MATCH,Common
04-07-2023,TFCILTD,MATCH,Common
04-07-2024,ADVENZYMES,MATCH,Common
04-07-2024,EVEREADY,MATCH,Common
04-07-2024,NELCO,MATCH,Common
04-07-2024,NIACL,MATCH,Common
04-07-2024,RUBYMILLS,MATCH,Common
04-07-2024,SWANCORP,MATCH,Common
04-07-2024,VIMTALABS,MATCH,Common
04-07-2025,DATAMATICS,MATCH,Common
04-08-2020,DBL,MATCH,Common
04-08-2020,FLUOROCHEM,MATCH,Common
04-08-2020,GPIL,MATCH,Common
04-08-2020,JUBLFOOD,MATCH,Common
04-08-2020,KPITTECH,MATCH,Common
04-08-2020,MAHASTEEL,MATCH,Common
04-08-2020,MAITHANALL,MATCH,Common
04-08-2020,MANINDS,MATCH,Common
04-08-2020,OPTIEMUS,MATCH,Common
04-08-2020,PRAKASH,MATCH,Common
04-08-2020,RTNPOWER,MATCH,Common
04-08-2020,SARDAEN,MATCH,Common
04-08-2020,SURYAROSNI,MATCH,Common
04-08-2020,TCPLPACK,MATCH,Common
04-08-2020,VISHNU,MATCH,Common
04-08-2022,DIAMONDYD,MATCH,Common
04-08-2022,GABRIEL,MATCH,Common
04-08-2022,PARACABLES,MATCH,Common
04-08-2022,RCF,MATCH,Common
04-08-2022,SOLARINDS,MATCH,Common
04-08-2022,UFLEX,MATCH,Common
04-08-2023,AURUM,MATCH,Common
04-08-2023,INDIACEM,MATCH,Common
04-08-2023,TECHM,MATCH,Common
04-08-2025,AVL,MATCH,Common
04-08-2025,BGRENERGY,MATCH,Common
04-08-2025,BLACKBUCK,MATCH,Common
04-08-2025,HEROMOTOCO,MATCH,Common
04-08-2025,SARDAEN,MATCH,Common
04-08-2025,UEL,MATCH,Common
04-09-2019,BEL,MATCH,Common
04-09-2019,VSTIND,MATCH,Common
04-09-2023,ABSLAMC,MATCH,Common
04-09-2023,BALRAMCHIN,MATCH,Common
04-09-2023,BBTC,MATCH,Common
04-09-2023,CCL,MATCH,Common
04-09-2023,GMBREW,MATCH,Common
04-09-2023,HUBTOWN,MATCH,Common
04-09-2023,KCP,MATCH,Common
04-09-2023,PDSL,MATCH,Common
04-09-2023,PSB,MATCH,Common
04-09-2023,SIYSIL,MATCH,Common
04-09-2023,VHL,MATCH,Common
04-09-2023,WANBURY,MATCH,Common
04-09-2024,AETHER,MATCH,Common
04-09-2024,ASAHIINDIA,MATCH,Common
04-09-2024,CARTRADE,MATCH,Common
04-09-2024,CEATLTD,MATCH,Common
04-09-2024,LMW,MATCH,Common
04-09-2024,STEELCAS,MATCH,Common
04-09-2025,BAJFINANCE,MATCH,Common
04-10-2022,ATULAUTO,MATCH,Common
04-10-2022,GANECOS,MATCH,Common
04-10-2022,GODFRYPHLP,MATCH,Common
04-10-2022,HFCL,MATCH,Common
04-10-2022,HITECH,MATCH,Common
04-10-2022,HPL,MATCH,Common
04-10-2022,MCX,MATCH,Common
04-10-2022,SUNTV,MATCH,Common
04-10-2022,TATACOMM,MATCH,Common
04-10-2022,VSTIND,MATCH,Common
04-10-2023,CIGNITITEC,MATCH,Common
04-10-2023,HEALTHX,MATCH,Common
04-11-2019,BIRLACORPN,MATCH,Common
04-11-2019,JBCHEPHARM,MATCH,Common
04-11-2019,MFSL,MATCH,Common
04-11-2019,UNITECH,MATCH,Common
04-11-2020,AYMSYNTEX,MATCH,Common
04-11-2020,BAJAJFINSV,MATCH,Common
04-11-2020,CARERATING,MATCH,Common
04-11-2020,FCL,MATCH,Common
04-11-2020,KSB,MATCH,Common
04-11-2020,SUNDRMFAST,MATCH,Common
04-11-2021,SIRCA,MATCH,Common
04-11-2022,DHANBANK,MATCH,Common
04-11-2024,AZAD,MATCH,Common
04-11-2024,JLHL,MATCH,Common
04-12-2020,NESCO,MATCH,Common
04-12-2020,STARCEMENT,MATCH,Common
04-12-2023,GREAVESCOT,MATCH,Common
04-12-2023,GRINDWELL,MATCH,Common
04-12-2023,JUBLINGREA,MATCH,Common
04-12-2023,JUSTDIAL,MATCH,Common
04-12-2023,KOTAKBANK,MATCH,Common
04-12-2023,SANGAMIND,MATCH,Common
04-12-2025,SMCGLOBAL,MATCH,Common
05-01-2022,GRPLTD,DIFF,Only in File1 (2207)
05-01-2022,REDINGTON,DIFF,Common
05-01-2023,GODREJCP,MATCH,Common
05-01-2024,ACCELYA,MATCH,Common
05-01-2024,MSUMI,MATCH,Common
05-02-2019,BAJAJ-AUTO,MATCH,Common
05-02-2020,PDSL,MATCH,Common
05-02-2020,SHRIRAMFIN,MATCH,Common
05-02-2020,SWANCORP,MATCH,Common
05-02-2020,THANGAMAYL,MATCH,Common
05-02-2024,JINDWORLD,MATCH,Common
05-02-2025,ABBOTINDIA,MATCH,Common
05-03-2019,BOSCH-HCIL,MATCH,Common
05-03-2019,COROMANDEL,MATCH,Common
05-03-2019,EIHOTEL,MATCH,Common
05-03-2019,HCC,MATCH,Common
05-03-2019,J&KBANK,MATCH,Common
05-03-2019,KNRCON,MATCH,Common
05-03-2019,SUPRAJIT,MATCH,Common
05-03-2019,USHAMART,MATCH,Common
05-03-2019,VINATIORGA,MATCH,Common
05-03-2019,VSTIND,MATCH,Common
05-03-2025,CHAMBLFERT,MATCH,Common
05-03-2025,GABRIEL,MATCH,Common
05-03-2025,GRMOVER,MATCH,Common
05-03-2025,JSWSTEEL,MATCH,Common
05-03-2025,SDBL,MATCH,Common
05-04-2019,MAHABANK,MATCH,Common
05-04-2019,POKARNA,MATCH,Common
05-04-2019,TANLA,MATCH,Common
05-04-2021,INDRAMEDCO,MATCH,Common
05-04-2021,MSPL,MATCH,Common
05-04-2022,COROMANDEL,MATCH,Common
05-04-2022,KAPSTON,MATCH,Common
05-04-2022,OMAXE,MATCH,Common
05-04-2022,SUNFLAG,MATCH,Common
05-04-2023,ARTEMISMED,MATCH,Common
05-04-2023,BLKASHYAP,MATCH,Common
05-04-2023,DLF,MATCH,Common
05-04-2023,HONDAPOWER,MATCH,Common
05-04-2023,ICRA,MATCH,Common
05-04-2023,IGL,MATCH,Common
05-04-2023,WESTLIFE,MATCH,Common
05-04-2024,NGLFINE,MATCH,Common
05-04-2024,NYKAA,MATCH,Common
05-05-2020,ASTEC,MATCH,Common
05-05-2020,INDIAMART,MATCH,Common
05-05-2021,ALKEM,MATCH,Common
05-05-2021,GODREJAGRO,MATCH,Common
05-05-2021,PRECAM,MATCH,Common
05-05-2021,SKMEGGPROD,MATCH,Common
05-05-2021,SOUTHBANK,MATCH,Common
05-05-2021,TCIEXP,MATCH,Common
05-05-2022,ABB,MATCH,Common
05-05-2023,JYOTHYLAB,MATCH,Common
05-05-2023,TIPSMUSIC,MATCH,Common
05-05-2025,APOLLO,MATCH,Common
05-05-2025,TIIL,MATCH,Common
05-05-2025,WINDMACHIN,MATCH,Common
05-05-2026,BIOCON,MATCH,Common
05-05-2026,SIGNPOST,MATCH,Common
05-06-2020,BASF,MATCH,Common
05-06-2020,HATSUN,MATCH,Common
05-06-2020,SPIC,MATCH,Common
05-06-2023,APLAPOLLO,MATCH,Common
05-06-2023,ASHOKLEY,MATCH,Common
05-06-2023,FMGOETZE,MATCH,Common
05-06-2023,GRSE,MATCH,Common
05-06-2023,GVPIL,MATCH,Common
05-06-2023,INDNIPPON,MATCH,Common
05-06-2023,JKIL,MATCH,Common
05-06-2023,JSWSTEEL,MATCH,Common
05-06-2023,KPRMILL,MATCH,Common
05-06-2023,LUMAXIND,MATCH,Common
05-06-2023,SANGAMIND,MATCH,Common
05-06-2023,SHARDACROP,MATCH,Common
05-06-2024,ABBOTINDIA,MATCH,Common
05-06-2024,BAJAJCON,MATCH,Common
05-06-2024,BAYERCROP,MATCH,Common
05-06-2024,BLKASHYAP,MATCH,Common
05-06-2024,CHOLAFIN,MATCH,Common
05-06-2024,DODLA,MATCH,Common
05-06-2024,GRANULES,MATCH,Common
05-06-2024,HDFCBANK,MATCH,Common
05-06-2024,JISLJALEQS,MATCH,Common
05-06-2024,KCP,MATCH,Common
05-06-2024,LTFOODS,MATCH,Common
05-06-2024,M&MFIN,MATCH,Common
05-06-2024,NAVA,MATCH,Common
05-06-2024,PAGEIND,MATCH,Common
05-06-2024,RALLIS,MATCH,Common
05-06-2024,THANGAMAYL,MATCH,Common
05-06-2024,TTKPRESTIG,MATCH,Common
05-06-2024,UPL,MATCH,Common
05-06-2024,VARROC,MATCH,Common
05-06-2024,VISHNU,MATCH,Common
05-06-2024,VMART,MATCH,Common
05-06-2024,VSTTILLERS,MATCH,Common
05-06-2025,360ONE,MATCH,Common
05-06-2026,AVL,MATCH,Common
05-06-2026,SETL,MATCH,Common
05-07-2021,360ONE,MATCH,Common
05-07-2021,ARVINDFASN,MATCH,Common
05-07-2021,ARVSMART,MATCH,Common
05-07-2021,CENTUM,MATCH,Common
05-07-2021,GODREJPROP,MATCH,Common
05-07-2021,HATSUN,MATCH,Common
05-07-2021,KANSAINER,MATCH,Common
05-07-2021,SANOFI,MATCH,Common
05-07-2022,ADOR,MATCH,Common
05-07-2022,ASTRAZEN,MATCH,Common
05-07-2022,CEMPRO,MATCH,Common
05-07-2022,CONCOR,MATCH,Common
05-07-2022,FLUOROCHEM,MATCH,Common
05-07-2022,M&MFIN,MATCH,Common
05-07-2023,CESC,MATCH,Common
05-07-2023,GOCLCORP,MATCH,Common
05-07-2023,JAICORPLTD,MATCH,Common
05-07-2023,MAITHANALL,MATCH,Common
05-07-2023,MMTC,MATCH,Common
05-07-2023,NAVNETEDUL,MATCH,Common
05-07-2023,PNBGILTS,MATCH,Common
05-07-2023,SUNTECK,MATCH,Common
05-07-2023,ZEEL,MATCH,Common
05-07-2024,HATSUN,MATCH,Common
05-07-2024,MIDHANI,MATCH,Common
05-07-2024,PFS,MATCH,Common
05-07-2024,YESBANK,MATCH,Common
05-08-2019,BATAINDIA,MATCH,Common
05-08-2020,ANANTRAJ,MATCH,Common
05-08-2020,ELGIEQUIP,MATCH,Common
05-08-2020,IGPL,MATCH,Common
05-08-2020,IMFA,MATCH,Common
05-08-2020,INOXWIND,MATCH,Common
05-08-2020,IZMO,MATCH,Common
05-08-2020,JAMNAAUTO,MATCH,Common
05-08-2020,ORISSAMINE,MATCH,Common
05-08-2020,SUNFLAG,MATCH,Common
05-08-2020,TEAMLEASE,MATCH,Common
05-08-2020,TVSMOTOR,MATCH,Common
05-08-2020,USHAMART,MATCH,Common
05-08-2022,EXCELINDUS,MATCH,Common
05-08-2022,PREMEXPLN,MATCH,Common
05-08-2022,SBCL,MATCH,Common
05-08-2025,ONIDA,MATCH,Common
05-08-2025,SANGHVIMOV,MATCH,Common
05-08-2025,STYLEBAAZA,MATCH,Common
05-08-2025,THANGAMAYL,MATCH,Common
05-09-2019,AXISCADES,MATCH,Common
05-09-2019,CROMPTON,MATCH,Common
05-09-2022,ESABINDIA,MATCH,Common
05-09-2022,SOUTHBANK,MATCH,Common
05-09-2023,BIOCON,MATCH,Common
05-09-2023,MASFIN,MATCH,Common
05-09-2023,PETRONET,MATCH,Common
05-09-2024,DEVYANI,MATCH,Common
05-09-2024,FLUOROCHEM,MATCH,Common
05-09-2024,PVRINOX,MATCH,Common
05-09-2024,TTKHLTCARE,MATCH,Common
05-09-2024,TVSSCS,MATCH,Common
05-09-2025,AVALON,MATCH,Common
05-09-2025,DCAL,MATCH,Common
05-09-2025,HINDZINC,MATCH,Common
05-09-2025,SHALBY,MATCH,Common
05-09-2025,UNIPARTS,MATCH,Common
05-10-2020,ADANIENSOL,MATCH,Common
05-10-2020,CONFIPET,MATCH,Common
05-10-2020,SHAKTIPUMP,MATCH,Common
05-10-2020,SOBHA,MATCH,Common
05-10-2021,GRSE,MATCH,Common
05-10-2021,PAGEIND,MATCH,Common
05-10-2021,RITES,MATCH,Common
05-10-2021,RVNL,MATCH,Common
05-10-2021,TI,MATCH,Common
05-10-2021,TVSSRICHAK,MATCH,Common
05-11-2018,63MOONS,MATCH,Common
05-11-2018,PUNJABCHEM,MATCH,Common
05-11-2019,VBL,MATCH,Common
05-11-2020,ABCAPITAL,MATCH,Common
05-11-2020,AJMERA,MATCH,Common
05-11-2020,FEDERALBNK,MATCH,Common
05-11-2020,FINPIPE,MATCH,Common
05-11-2020,GUJENERGY,MATCH,Common
05-11-2020,HINDALCO,MATCH,Common
05-11-2020,IGL,MATCH,Common
05-11-2020,LTF,MATCH,Common
05-11-2020,MAHSCOOTER,MATCH,Common
05-11-2020,MAHSEAMLES,MATCH,Common
05-11-2020,MANGLMCEM,MATCH,Common
05-11-2020,NILKAMAL,MATCH,Common
05-11-2020,PAGEIND,MATCH,Common
05-11-2020,RPSGVENT,MATCH,Common
05-11-2020,SAIL,MATCH,Common
05-11-2020,SHARDAMOTR,MATCH,Common
05-11-2020,STYRENIX,MATCH,Common
05-11-2024,IMFA,MATCH,Common
05-11-2024,RAMCOIND,MATCH,Common
05-11-2024,VIMTALABS,MATCH,Common
05-12-2019,RGL,MATCH,Common
05-12-2022,CREST,MATCH,Common
05-12-2022,SEPC,MATCH,Common
05-12-2022,TTKHLTCARE,MATCH,Common
05-12-2023,BALAMINES,MATCH,Common
05-12-2023,DCBBANK,MATCH,Common
05-12-2023,INGERRAND,MATCH,Common
05-12-2023,JKPAPER,MATCH,Common
05-12-2023,PANAMAPET,MATCH,Common
05-12-2023,PARADEEP,MATCH,Common
05-12-2023,SUNFLAG,MATCH,Common
05-12-2025,MASFIN,MATCH,Common
06-01-2020,AHLUCONT,MATCH,Common
06-01-2020,WEBELSOLAR,MATCH,Common
06-01-2021,CENTRUM,MATCH,Common
06-01-2021,TRITURBINE,MATCH,Common
06-01-2022,VHL,MATCH,Common
06-01-2023,DSSL,MATCH,Common
06-02-2019,MANAPPURAM,MATCH,Common
06-02-2019,PRIVISCL,MATCH,Common
06-02-2019,SRF,MATCH,Common
06-02-2023,ABB,MATCH,Common
06-02-2023,ORCHPHARMA,MATCH,Common
06-02-2023,POLICYBZR,MATCH,Common
06-02-2023,WONDERLA,MATCH,Common
06-02-2024,MFSL,MATCH,Common
06-02-2024,TRITURBINE,MATCH,Common
06-02-2025,REDINGTON,MATCH,Common
06-02-2026,DATAPATTNS,MATCH,Common
06-03-2019,AARTIDRUGS,MATCH,Common
06-03-2019,BRIGADE,MATCH,Common
06-03-2019,JUBLFOOD,MATCH,Common
06-03-2023,BALRAMCHIN,MATCH,Common
06-03-2023,NSIL,MATCH,Common
06-03-2023,OFSS,MATCH,Common
06-03-2023,SDBL,MATCH,Common
06-03-2023,VRLLOG,MATCH,Common
06-03-2023,WABAG,MATCH,Common
06-03-2024,SRF,MATCH,Common
06-03-2024,ZENSARTECH,MATCH,Common
06-04-2021,ADOR,MATCH,Common
06-04-2021,FINEORG,MATCH,Common
06-04-2021,IGARASHI,MATCH,Common
06-04-2021,PANACEABIO,MATCH,Common
06-04-2021,RHIM,MATCH,Common
06-04-2021,SAKSOFT,MATCH,Common
06-04-2023,IEX,MATCH,Common
06-04-2023,JBCHEPHARM,MATCH,Common
06-04-2023,PRECWIRE,MATCH,Common
06-04-2026,ABCAPITAL,MATCH,Common
06-04-2026,ABSLAMC,MATCH,Common
06-04-2026,ADANIENSOL,MATCH,Common
06-04-2026,ADANIGREEN,MATCH,Common
06-04-2026,AEROENTER,MATCH,Common
06-04-2026,AGIIL,MATCH,Common
06-04-2026,ASTERDM,MATCH,Common
06-04-2026,BSE,MATCH,Common
06-04-2026,CEIGALL,MATCH,Common
06-04-2026,CEMPRO,MATCH,Common
06-04-2026,CGPOWER,MATCH,Common
06-04-2026,CIEINDIA,MATCH,Common
06-04-2026,DELHIVERY,MATCH,Common
06-04-2026,GALLANTT,MATCH,Common
06-04-2026,GHCLTEXTIL,MATCH,Common
06-04-2026,GMDCLTD,MATCH,Common
06-04-2026,GRMOVER,MATCH,Common
06-04-2026,HFCL,MATCH,Common
06-04-2026,IMFA,MATCH,Common
06-04-2026,INDOBORAX,MATCH,Common
06-04-2026,JINDALSAW,MATCH,Common
06-04-2026,KERNEX,MATCH,Common
06-04-2026,LUXIND,MATCH,Common
06-04-2026,MACPOWER,MATCH,Common
06-04-2026,MAHABANK,MATCH,Common
06-04-2026,MANINDS,MATCH,Common
06-04-2026,NMDC,MATCH,Common
06-04-2026,PNBHOUSING,MATCH,Common
06-04-2026,RISHABH,MATCH,Common
06-04-2026,SARDAEN,MATCH,Common
06-04-2026,SKYGOLD,MATCH,Common
06-04-2026,SONACOMS,MATCH,Common
06-04-2026,SPAL,MATCH,Common
06-04-2026,STEELCAS,MATCH,Common
06-04-2026,SUNFLAG,MATCH,Common
06-04-2026,WABAG,MATCH,Common
06-04-2026,WALCHANNAG,MATCH,Common
06-05-2019,BIRLACORPN,MATCH,Common
06-05-2021,MONTECARLO,MATCH,Common
06-05-2021,PATELENG,MATCH,Common
06-05-2024,BRITANNIA,MATCH,Common
06-05-2025,CCL,MATCH,Common
06-05-2026,AVANTEL,MATCH,Common
06-05-2026,FCL,MATCH,Common
06-05-2026,GLAND,MATCH,Common
06-05-2026,IGIL,MATCH,Common
06-05-2026,JAYBARMARU,MATCH,Common
06-05-2026,KIMS,MATCH,Common
06-05-2026,RPSGVENT,MATCH,Common
06-05-2026,SANDHAR,MATCH,Common
06-05-2026,VIYASH,MATCH,Common
06-05-2026,ZYDUSLIFE,MATCH,Common
06-06-2022,FIEMIND,MATCH,Common
06-06-2023,APCOTEXIND,MATCH,Common
06-06-2023,ARE&M,MATCH,Common
06-06-2023,EDELWEISS,MATCH,Common
06-06-2023,JINDRILL,MATCH,Common
06-06-2023,KPIGREEN,MATCH,Common
06-06-2023,MOTILALOFS,MATCH,Common
06-06-2023,PARADEEP,MATCH,Common
06-06-2023,RAILTEL,MATCH,Common
06-06-2023,SHYAMMETL,MATCH,Common
06-06-2023,SKIPPER,MATCH,Common
06-06-2023,XPROINDIA,MATCH,Common
06-06-2024,AAVAS,MATCH,Common
06-06-2024,AVANTIFEED,MATCH,Common
06-06-2024,BAJAJHLDNG,MATCH,Common
06-06-2024,CENTURYPLY,MATCH,Common
06-06-2024,CHOLAHLDNG,MATCH,Common
06-06-2024,FIVESTAR,MATCH,Common
06-06-2024,GIPCL,MATCH,Common
06-06-2024,HUHTAMAKI,MATCH,Common
06-06-2024,IEX,MATCH,Common
06-06-2024,INDIAGLYCO,MATCH,Common
06-06-2024,MARATHON,MATCH,Common
06-06-2024,MAYURUNIQ,MATCH,Common
06-06-2024,NESCO,MATCH,Common
06-06-2024,PERSISTENT,MATCH,Common
06-06-2024,PRAJIND,MATCH,Common
06-06-2024,RAMCOIND,MATCH,Common
06-06-2024,SPLPETRO,MATCH,Common
06-06-2024,TECHM,MATCH,Common
06-06-2024,TIINDIA,MATCH,Common
06-06-2024,UTIAMC,MATCH,Common
06-06-2024,WHIRLPOOL,MATCH,Common
06-06-2024,WIPRO,MATCH,Common
06-06-2024,ZENSARTECH,MATCH,Common
06-06-2025,CHOLAHLDNG,MATCH,Common
06-06-2025,HINDALCO,MATCH,Common
06-06-2025,KARURVYSYA,MATCH,Common
06-06-2025,MAXHEALTH,MATCH,Common
06-06-2025,SHRIRAMFIN,MATCH,Common
06-07-2021,DHANBANK,MATCH,Common
06-07-2021,FORCEMOT,MATCH,Common
06-07-2021,ICRA,MATCH,Common
06-07-2021,SMLMAH,MATCH,Common
06-07-2022,ARTEMISMED,MATCH,Common
06-07-2022,JYOTHYLAB,MATCH,Common
06-07-2022,MRF,MATCH,Common
06-07-2022,SMLMAH,MATCH,Common
06-07-2022,TATACONSUM,MATCH,Common
06-07-2023,GRANULES,MATCH,Common
06-07-2023,JAMNAAUTO,MATCH,Common
06-07-2023,MADRASFERT,MATCH,Common
06-07-2023,MCX,MATCH,Common
06-07-2023,PREMEXPLN,MATCH,Common
06-07-2023,RPOWER,MATCH,Common
06-07-2023,SHARDAMOTR,MATCH,Common
06-07-2023,SOTL,MATCH,Common
06-07-2023,STEL,MATCH,Common
06-07-2026,GRAVITA,DIFF,Only in File2 (1707)
06-07-2026,KARURVYSYA,DIFF,Common
06-07-2026,OMAXE,DIFF,Common
06-07-2026,RAJRATAN,DIFF,Common
06-08-2019,PRESTIGE,MATCH,Common
06-08-2020,CROMPTON,MATCH,Common
06-08-2020,DATAMATICS,MATCH,Common
06-08-2020,NIITLTD,MATCH,Common
06-08-2024,BLS,MATCH,Common
06-08-2024,SAFARI,MATCH,Common
06-09-2021,JINDWORLD,MATCH,Common
06-09-2022,360ONE,MATCH,Common
06-09-2022,DEVYANI,MATCH,Common
06-09-2023,AFFLE,MATCH,Common
06-10-2020,GOLDIAM,MATCH,Common
06-10-2022,CENTUM,MATCH,Common
06-10-2022,DEEPAKNTR,MATCH,Common
06-10-2022,DLINKINDIA,MATCH,Common
06-10-2022,GRAVITA,MATCH,Common
06-10-2022,IIFL,MATCH,Common
06-10-2022,JSWENERGY,MATCH,Common
06-10-2022,PENIND,MATCH,Common
06-10-2022,PNBHOUSING,MATCH,Common
06-10-2022,RAILTEL,MATCH,Common
06-10-2022,RBLBANK,MATCH,Common
06-10-2023,ORIENTHOT,MATCH,Common
06-10-2023,PAISALO,MATCH,Common
06-10-2025,BSE,MATCH,Common
06-10-2025,CDSL,MATCH,Common
06-10-2025,LTM,MATCH,Common
06-10-2025,NESTLEIND,MATCH,Common
06-10-2025,NGLFINE,MATCH,Common
06-10-2025,TATACOMM,MATCH,Common
06-10-2025,TMB,MATCH,Common
06-11-2019,DRREDDY,MATCH,Common
06-11-2019,EPL,MATCH,Common
06-11-2019,SEAMECLTD,MATCH,Common
06-11-2020,ABB,MATCH,Common
06-11-2020,AYMSYNTEX,MATCH,Common
06-11-2020,DLF,MATCH,Common
06-11-2020,FACT,MATCH,Common
06-11-2020,GULFOILLUB,MATCH,Common
06-11-2020,SPANDANA,MATCH,Common
06-11-2020,THOMASCOOK,MATCH,Common
06-11-2020,WEBELSOLAR,MATCH,Common
06-11-2023,ARIHANTSUP,MATCH,Common
06-11-2023,GREENPLY,MATCH,Common
06-11-2023,JKCEMENT,MATCH,Common
06-11-2023,MUNJALAU,MATCH,Common
06-11-2023,NETWORK18,MATCH,Common
06-11-2023,QUESS,MATCH,Common
06-11-2023,SUMEETINDS,MATCH,Common
06-11-2024,BFINVEST,MATCH,Common
06-11-2024,DCMSHRIRAM,MATCH,Common
06-11-2024,WENDT,MATCH,Common
06-12-2019,EIDPARRY,MATCH,Common
06-12-2021,ANANTRAJ,MATCH,Common
06-12-2021,ARTEMISMED,MATCH,Common
06-12-2021,MTNL,MATCH,Common
06-12-2022,HIKAL,MATCH,Common
06-12-2023,DLINKINDIA,MATCH,Common
06-12-2023,ICRA,MATCH,Common
06-12-2023,IMAGICAA,MATCH,Common
06-12-2023,VOLTAS,MATCH,Common
07-01-2019,ABBOTINDIA,MATCH,Common
07-01-2020,PATELENG,MATCH,Common
07-01-2020,RALLIS,MATCH,Common
07-01-2020,SPARC,MATCH,Common
07-01-2022,REDINGTON,MATCH,Common
07-01-2022,RUPA,MATCH,Common
07-02-2019,JBCHEPHARM,MATCH,Common
07-02-2020,IOLCP,MATCH,Common
07-02-2020,TDPOWERSYS,MATCH,Common
07-02-2022,ADANIPOWER,MATCH,Common
07-02-2022,TCPLPACK,MATCH,Common
07-02-2023,AGI,MATCH,Common
07-02-2023,BFINVEST,MATCH,Common
07-02-2024,DSSL,MATCH,Common
07-03-2019,EIHOTEL,MATCH,Common
07-03-2019,INDHOTEL,MATCH,Common
07-03-2019,INDOSTAR,MATCH,Common
07-03-2019,USHAMART,MATCH,Common
07-03-2022,ARMANFIN,MATCH,Common
07-03-2022,HINDOILEXP,MATCH,Common
07-03-2022,ICEMAKE,MATCH,Common
07-03-2022,INFY,MATCH,Common
07-03-2024,DMART,MATCH,Common
07-03-2025,JINDRILL,MATCH,Common
07-03-2025,MANAPPURAM,MATCH,Common
07-03-2025,SDBL,MATCH,Common
07-04-2020,ZYDUSLIFE,MATCH,Common
07-04-2021,CARERATING,MATCH,Common
07-04-2021,CSBBANK,MATCH,Common
07-04-2021,PIIND,MATCH,Common
07-04-2021,RENUKA,MATCH,Common
07-04-2021,SHK,MATCH,Common
07-04-2021,SHREDIGCEM,MATCH,Common
07-04-2026,BAJAJ-AUTO,MATCH,Common
07-04-2026,DCBBANK,MATCH,Common
07-04-2026,DSSL,MATCH,Common
07-04-2026,GRSE,MATCH,Common
07-04-2026,IGPL,MATCH,Common
07-04-2026,J&KBANK,MATCH,Common
07-04-2026,JINDALSTEL,MATCH,Common
07-04-2026,MEDPLUS,MATCH,Common
07-04-2026,PFC,MATCH,Common
07-04-2026,RAMRAT,MATCH,Common
07-04-2026,RSWM,MATCH,Common
07-04-2026,SATIN,MATCH,Common
07-04-2026,VIJAYA,MATCH,Common
07-04-2026,ZENTEC,MATCH,Common
07-05-2019,ATUL,MATCH,Common
07-05-2021,CESC,MATCH,Common
07-05-2021,GODREJAGRO,MATCH,Common
07-05-2021,MAHSEAMLES,MATCH,Common
07-05-2021,PARACABLES,MATCH,Common
07-05-2021,SAGCEM,MATCH,Common
07-05-2021,SOUTHBANK,MATCH,Common
07-05-2021,TCIEXP,MATCH,Common
07-05-2025,ENDURANCE,MATCH,Common
07-05-2025,LUMAXTECH,MATCH,Common
07-05-2025,NAHARSPING,MATCH,Common
07-05-2025,SUVEN,MATCH,Common
07-05-2026,APOLLOHOSP,MATCH,Common
07-05-2026,IFCI,MATCH,Common
07-05-2026,MAYURUNIQ,MATCH,Common
07-05-2026,MINDACORP,MATCH,Common
07-05-2026,RAIN,MATCH,Common
07-05-2026,YASHO,MATCH,Common
07-06-2019,VOLTAS,MATCH,Common
07-06-2021,DEEPINDS,MATCH,Common
07-06-2022,FMGOETZE,MATCH,Common
07-06-2023,AETHER,MATCH,Common
07-06-2023,GREENPOWER,MATCH,Common
07-06-2023,JSWHL,MATCH,Common
07-06-2023,NGLFINE,MATCH,Common
07-06-2023,NTPC,MATCH,Common
07-06-2023,POWERGRID,MATCH,Common
07-06-2023,RANEHOLDIN,MATCH,Common
07-06-2023,SALASAR,MATCH,Common
07-06-2024,AFFLE,MATCH,Common
07-06-2024,CAPLIPOINT,MATCH,Common
07-06-2024,GABRIEL,MATCH,Common
07-06-2024,JKCEMENT,MATCH,Common
07-06-2024,LTF,MATCH,Common
07-06-2024,LUMAXIND,MATCH,Common
07-06-2024,SHARDACROP,MATCH,Common
07-06-2024,ZOTA,MATCH,Common
07-07-2020,COFORGE,MATCH,Common
07-07-2020,DABUR,MATCH,Common
07-07-2020,NAUKRI,MATCH,Common
07-07-2020,SPLPETRO,MATCH,Common
07-07-2021,ARVINDFASN,MATCH,Common
07-07-2021,JMFINANCIL,MATCH,Common
07-07-2022,BANKBARODA,MATCH,Common
07-07-2023,DELHIVERY,MATCH,Common
07-07-2023,PRAJIND,MATCH,Common
07-07-2025,FLAIR,MATCH,Common
07-07-2026,AARTIDRUGS,DIFF,Only in File2 (1707)
07-07-2026,ASKAUTOLTD,DIFF,Common
07-07-2026,ITDC,DIFF,Common
07-07-2026,SHAREINDIA,DIFF,Common
07-08-2019,HINDUNILVR,MATCH,Common
07-08-2019,KEI,MATCH,Common
07-08-2019,UNITDSPR,MATCH,Common
07-08-2020,ALLDIGI,MATCH,Common
07-08-2020,ASIANPAINT,MATCH,Common
07-08-2020,ATGL,MATCH,Common
07-08-2020,EXCELINDUS,MATCH,Common
07-08-2020,HONAUT,MATCH,Common
07-08-2020,LINDEINDIA,MATCH,Common
07-08-2020,SRF,MATCH,Common
07-08-2020,TBZ,MATCH,Common
07-08-2020,TCPLPACK,MATCH,Common
07-08-2020,WABAG,MATCH,Common
07-08-2023,BFUTILITIE,MATCH,Common
07-08-2023,HONDAPOWER,MATCH,Common
07-08-2023,JUBLPHARMA,MATCH,Common
07-08-2023,MOREPENLAB,MATCH,Common
07-08-2023,SOLARINDS,MATCH,Common
07-08-2024,EDELWEISS,MATCH,Common
07-08-2024,VENKEYS,MATCH,Common
07-09-2020,BSE,MATCH,Common
07-09-2020,TEJASNET,MATCH,Common
07-09-2022,JSWDULUX,MATCH,Common
07-09-2022,SOUTHBANK,MATCH,Common
07-09-2022,STARCEMENT,MATCH,Common
07-09-2022,TARSONS,MATCH,Common
07-09-2023,GTLINFRA,MATCH,Common
07-09-2023,RANEHOLDIN,MATCH,Common
07-10-2020,JUSTDIAL,MATCH,Common
07-10-2020,SHALBY,MATCH,Common
07-10-2021,AAVAS,MATCH,Common
07-10-2021,GRSE,MATCH,Common
07-10-2021,TBZ,MATCH,Common
07-10-2021,TVSSRICHAK,MATCH,Common
07-10-2022,SATIN,MATCH,Common
07-10-2025,BHARTIARTL,MATCH,Common
07-10-2025,DIVISLAB,MATCH,Common
07-10-2025,ETHOSLTD,MATCH,Common
07-10-2025,FEDERALBNK,MATCH,Common
07-10-2025,RAMKY,MATCH,Common
07-10-2025,REPCOHOME,MATCH,Common
07-10-2025,SANDHAR,MATCH,Common
07-10-2025,UEL,MATCH,Common
07-11-2018,GALLANTT,MATCH,Common
07-11-2019,FMGOETZE,MATCH,Common
07-11-2022,ADFFOODS,MATCH,Common
07-11-2022,CARERATING,MATCH,Common
07-11-2022,KOVAI,MATCH,Common
07-11-2022,MANAPPURAM,MATCH,Common
07-11-2022,SANSERA,MATCH,Common
07-11-2022,WENDT,MATCH,Common
07-11-2023,ARVINDFASN,MATCH,Common
07-11-2023,NGLFINE,MATCH,Common
07-11-2023,POONAWALLA,MATCH,Common
07-11-2024,HESTERBIO,MATCH,Common
07-11-2024,JLHL,MATCH,Common
07-11-2024,VHL,MATCH,Common
07-12-2018,FMGOETZE,MATCH,Common
07-12-2020,ARROWGREEN,MATCH,Common
07-12-2020,SPMLINFRA,MATCH,Common
07-12-2020,TIIL,MATCH,Common
07-12-2021,BANARISUG,MATCH,Common
07-12-2021,DLINKINDIA,MATCH,Common
07-12-2021,GTLINFRA,MATCH,Common
07-12-2021,GUFICBIO,MATCH,Common
07-12-2021,PENIND,MATCH,Common
07-12-2021,SIEMENS,MATCH,Common
07-12-2021,TATACOMM,MATCH,Common
07-12-2021,TCS,MATCH,Common
07-12-2022,KEC,MATCH,Common
07-12-2022,NITCO,MATCH,Common
08-01-2020,TORNTPOWER,MATCH,Common
08-01-2024,AURUM,MATCH,Common
08-01-2024,CGCL,MATCH,Common
08-01-2024,VADILALIND,MATCH,Common
08-02-2021,ARROWGREEN,MATCH,Common
08-02-2021,JMFINANCIL,MATCH,Common
08-02-2021,MGL,MATCH,Common
08-02-2021,MUTHOOTFIN,MATCH,Common
08-02-2023,IMFA,MATCH,Common
08-02-2023,MAYURUNIQ,MATCH,Common
08-02-2023,SYMPHONY,MATCH,Common
08-02-2023,ZENTEC,MATCH,Common
08-02-2024,FCL,MATCH,Common
08-03-2019,INGERRAND,MATCH,Common
08-03-2021,AURIONPRO,MATCH,Common
08-03-2021,MOREPENLAB,MATCH,Common
08-03-2021,VISHNU,MATCH,Common
08-03-2022,GAEL,MATCH,Common
08-03-2022,GHCL,MATCH,Common
08-03-2022,GREENLAM,MATCH,Common
08-03-2022,MPHASIS,MATCH,Common
08-03-2022,SDBL,MATCH,Common
08-03-2023,AIAENG,MATCH,Common
08-04-2019,ASTRAL,MATCH,Common
08-04-2020,DIACABS,MATCH,Common
08-04-2021,ANDHRSUGAR,MATCH,Common
08-04-2021,INDOCO,MATCH,Common
08-04-2021,OFSS,MATCH,Common
08-04-2022,COROMANDEL,MATCH,Common
08-04-2022,INDORAMA,MATCH,Common
08-04-2022,RIIL,MATCH,Common
08-04-2024,FLUOROCHEM,MATCH,Common
08-04-2025,JUBLFOOD,MATCH,Common
08-04-2025,UJJIVANSFB,MATCH,Common
08-04-2026,ABSLAMC,MATCH,Common
08-04-2026,APOLLO,MATCH,Common
08-04-2026,AUBANK,MATCH,Common
08-04-2026,BHEL,MATCH,Common
08-04-2026,CEIGALL,MATCH,Common
08-04-2026,CIEINDIA,MATCH,Common
08-04-2026,DYNAMATECH,MATCH,Common
08-04-2026,GNA,MATCH,Common
08-04-2026,ISGEC,MATCH,Common
08-04-2026,JINDALSAW,MATCH,Common
08-04-2026,JPPOWER,MATCH,Common
08-04-2026,JTLIND,MATCH,Common
08-04-2026,KRN,MATCH,Common
08-04-2026,NAM-INDIA,MATCH,Common
08-04-2026,NAVA,MATCH,Common
08-04-2026,PRUDENT,MATCH,Common
08-04-2026,SIEMENS,MATCH,Common
08-04-2026,SIGMAADV,MATCH,Common
08-04-2026,SJS,MATCH,Common
08-04-2026,SYRMA,MATCH,Common
08-04-2026,TATAPOWER,MATCH,Common
08-04-2026,TIMKEN,MATCH,Common
08-04-2026,UFBL,MATCH,Common
08-05-2023,CAPACITE,MATCH,Common
08-05-2023,MAHLIFE,MATCH,Common
08-05-2023,NOVARTIND,MATCH,Common
08-05-2023,REPCOHOME,MATCH,Common
08-05-2023,SOMANYCERA,MATCH,Common
08-05-2023,SUNDARMFIN,MATCH,Common
08-05-2023,TEJASNET,MATCH,Common
08-05-2023,ZFCVINDIA,MATCH,Common
08-05-2025,AARTIPHARM,MATCH,Common
08-05-2025,FOSECOIND,MATCH,Common
08-05-2025,IXIGO,MATCH,Common
08-05-2025,MBAPL,MATCH,Common
08-05-2025,SHRIPISTON,MATCH,Common
08-05-2025,ZEEL,MATCH,Common
08-05-2026,SAREGAMA,MATCH,Common
08-06-2020,SWANCORP,MATCH,Common
08-06-2021,HCLTECH,MATCH,Common
08-06-2021,PFIZER,MATCH,Common
08-06-2021,SKIPPER,MATCH,Common
08-06-2021,ZENTEC,MATCH,Common
08-06-2023,ANTELOPUS,MATCH,Common
08-06-2023,APLLTD,MATCH,Common
08-06-2026,MANORAMA,MATCH,Common
08-07-2020,FSL,MATCH,Common
08-07-2021,NAVKARCORP,MATCH,Common
08-07-2021,SANOFI,MATCH,Common
08-07-2021,SUNTECK,MATCH,Common
08-07-2022,NAVNETEDUL,MATCH,Common
08-07-2024,DEEPINDS,MATCH,Common
08-07-2024,PCBL,MATCH,Common
08-07-2024,PCJEWELLER,MATCH,Common
08-07-2024,SERVOTECH,MATCH,Common
08-07-2024,SYNCOMF,MATCH,Common
08-07-2024,THEMISMED,MATCH,Common
08-07-2025,PRECOT,DIFF,Only in File1 (2207)
08-07-2025,ACI,DIFF,Common
08-07-2025,EVEREADY,DIFF,Common
08-07-2026,DPABHUSHAN,DIFF,Only in File1 (2207)
08-07-2026,ALKYLAMINE,DIFF,Common
08-07-2026,OAL,DIFF,Common
08-07-2026,VAIBHAVGBL,DIFF,Common
08-08-2019,MOLDTKPAC,MATCH,Common
08-08-2019,VADILALIND,MATCH,Common
08-08-2022,FORCEMOT,MATCH,Common
08-08-2023,CENTRALBK,MATCH,Common
08-08-2023,SIMPLEXINF,MATCH,Common
08-08-2023,SOUTHBANK,MATCH,Common
08-08-2023,TNPL,MATCH,Common
08-08-2023,ZYDUSWELL,MATCH,Common
08-08-2024,BSE,MATCH,Common
08-08-2024,KIMS,MATCH,Common
08-08-2024,MAHASTEEL,MATCH,Common
08-09-2020,CANTABIL,MATCH,Common
08-09-2020,SANDHAR,MATCH,Common
08-09-2021,PFC,MATCH,Common
08-09-2022,SUNDRMFAST,MATCH,Common
08-09-2022,THEMISMED,MATCH,Common
08-09-2023,CCAVENUE,MATCH,Common
08-09-2025,APCOTEXIND,MATCH,Common
08-09-2025,INDOTHAI,MATCH,Common
08-09-2025,MOTHERSON,MATCH,Common
08-09-2025,MSPL,MATCH,Common
08-09-2025,NLCINDIA,MATCH,Common
08-09-2025,PSPPROJECT,MATCH,Common
08-09-2025,UJJIVANSFB,MATCH,Common
08-09-2025,VSSL,MATCH,Common
08-10-2024,JYOTISTRUC,MATCH,Common
08-10-2024,SIYSIL,MATCH,Common
08-10-2024,TARIL,MATCH,Common
08-10-2025,APOLLOTYRE,MATCH,Common
08-10-2025,NESTLEIND,MATCH,Common
08-11-2021,ADANIGREEN,MATCH,Common
08-11-2021,ELGIEQUIP,MATCH,Common
08-11-2023,APOLLOTYRE,MATCH,Common
08-11-2023,ARVSMART,MATCH,Common
08-11-2023,CUMMINSIND,MATCH,Common
08-11-2023,GOLDIAM,MATCH,Common
08-11-2023,GPPL,MATCH,Common
08-11-2023,MANYAVAR,MATCH,Common
08-11-2023,NESCO,MATCH,Common
08-11-2023,UNOMINDA,MATCH,Common
08-12-2020,DIACABS,MATCH,Common
08-12-2021,AXISCADES,MATCH,Common
08-12-2021,BOMDYEING,MATCH,Common
08-12-2021,FCL,MATCH,Common
08-12-2021,HUBTOWN,MATCH,Common
08-12-2021,JPPOWER,MATCH,Common
08-12-2021,SPIC,MATCH,Common
08-12-2021,SUZLON,MATCH,Common
08-12-2021,TARIL,MATCH,Common
08-12-2021,WINDMACHIN,MATCH,Common
08-12-2022,TALBROAUTO,MATCH,Common
08-12-2023,GREAVESCOT,MATCH,Common
08-12-2023,TEMBO,MATCH,Common
09-01-2019,COFORGE,MATCH,Common
09-01-2020,ANUP,MATCH,Common
09-01-2020,CHAMBLFERT,MATCH,Common
09-01-2020,ICIL,MATCH,Common
09-01-2020,JUBLPHARMA,MATCH,Common
09-01-2020,LUMAXIND,MATCH,Common
09-01-2020,RADICO,MATCH,Common
09-01-2020,RALLIS,MATCH,Common
09-01-2020,SUPREMEIND,MATCH,Common
09-01-2023,AUTOAXLES,MATCH,Common
09-01-2023,BCLIND,MATCH,Common
09-01-2023,CYIENT,MATCH,Common
09-01-2023,PTC,MATCH,Common
09-01-2023,VEDL,MATCH,Common
09-01-2024,INDOSTAR,MATCH,Common
09-01-2024,MHRIL,MATCH,Common
09-01-2024,RICOAUTO,MATCH,Common
09-02-2021,IMPAL,MATCH,Common
09-02-2021,VINATIORGA,MATCH,Common
09-02-2023,GPPL,MATCH,Common
09-02-2023,TIIL,MATCH,Common
09-02-2024,EMUDHRA,MATCH,Common
09-02-2026,DIVGIITTS,MATCH,Common
09-02-2026,JAYBARMARU,MATCH,Common
09-02-2026,KIMS,MATCH,Common
09-02-2026,LINCOLN,MATCH,Common
09-02-2026,RACLGEAR,MATCH,Common
09-02-2026,SCI,MATCH,Common
09-02-2026,TRIVENI,MATCH,Common
09-03-2021,RELINFRA,MATCH,Common
09-03-2022,ANDHRAPAP,MATCH,Common
09-03-2022,BDL,MATCH,Common
09-03-2022,CUMMINSIND,MATCH,Common
09-03-2022,JKPAPER,MATCH,Common
09-03-2022,SUMICHEM,MATCH,Common
09-03-2022,WSTCSTPAPR,MATCH,Common
09-03-2023,IZMO,MATCH,Common
09-04-2021,INDRAMEDCO,MATCH,Common
09-04-2025,DEEPAKFERT,MATCH,Common
09-04-2025,HOMEFIRST,MATCH,Common
09-04-2026,SENORES,MATCH,Common
09-05-2023,AXISBANK,MATCH,Common
09-05-2023,LODHA,MATCH,Common
09-05-2023,VENUSREM,MATCH,Common
09-05-2025,APOLLO,MATCH,Common
09-05-2025,KSB,MATCH,Common
09-05-2025,NDRAUTO,MATCH,Common
09-05-2025,WINDMACHIN,MATCH,Common
09-05-2025,YESBANK,MATCH,Common
09-06-2022,NAVKARCORP,MATCH,Common
09-06-2023,JINDRILL,MATCH,Common
09-06-2025,PSPPROJECT,MATCH,Common
09-06-2025,SPMLINFRA,MATCH,Common
09-06-2026,BHAGCHEM,MATCH,Common
09-06-2026,BOSCHLTD,MATCH,Common
09-06-2026,CERA,MATCH,Common
09-06-2026,JSWINFRA,MATCH,Common
09-06-2026,MOREPENLAB,MATCH,Common
09-06-2026,UNICHEMLAB,MATCH,Common
09-06-2026,WINDMACHIN,MATCH,Common
09-07-2020,EPL,MATCH,Common
09-07-2021,ARVSMART,MATCH,Common
09-07-2021,HATSUN,MATCH,Common
09-07-2021,KITEX,MATCH,Common
09-07-2021,PRESTIGE,MATCH,Common
09-07-2024,CCL,MATCH,Common
09-07-2024,JUBLINGREA,MATCH,Common
09-07-2024,MFSL,MATCH,Common
09-07-2024,PFIZER,MATCH,Common
09-07-2024,POWERMECH,MATCH,Common
09-07-2025,RELIGARE,MATCH,Common
09-07-2026,AARTIDRUGS,DIFF,Only in File2 (1707)
09-07-2026,GRAVITA,DIFF,Only in File2 (1707)
09-07-2026,SAMBHV,DIFF,Only in File2 (1707)
09-07-2026,ASKAUTOLTD,DIFF,Common
09-07-2026,KALYANKJIL,DIFF,Common
09-07-2026,SENCO,DIFF,Common
09-07-2026,SUDARSCHEM,DIFF,Common
09-08-2023,ACCELYA,MATCH,Common
09-08-2023,BAJAJHIND,MATCH,Common
09-08-2023,HCC,MATCH,Common
09-08-2023,HONDAPOWER,MATCH,Common
09-08-2023,IOB,MATCH,Common
09-08-2023,JSWENERGY,MATCH,Common
09-09-2019,CONCOR,MATCH,Common
09-09-2021,CHALET,MATCH,Common
09-09-2021,TAJGVK,MATCH,Common
09-09-2024,APLLTD,MATCH,Common
09-10-2020,SHALBY,MATCH,Common
09-10-2024,GANESHHOU,MATCH,Common
09-10-2024,ICEMAKE,MATCH,Common
09-10-2024,PARADEEP,MATCH,Common
09-10-2025,CESC,MATCH,Common
09-10-2025,MANALIPETC,MATCH,Common
09-11-2018,GODFRYPHLP,MATCH,Common
09-11-2020,APEX,MATCH,Common
09-11-2020,BANCOINDIA,MATCH,Common
09-11-2020,ELGIEQUIP,MATCH,Common
09-11-2020,GOCLCORP,MATCH,Common
09-11-2020,GOODLUCK,MATCH,Common
09-11-2020,IFGLEXPOR,MATCH,Common
09-11-2020,KSL,MATCH,Common
09-11-2020,LEMONTREE,MATCH,Common
09-11-2020,MARATHON,MATCH,Common
09-11-2020,MONTECARLO,MATCH,Common
09-11-2020,NCC,MATCH,Common
09-11-2020,PRECAM,MATCH,Common
09-11-2020,PURVA,MATCH,Common
09-11-2020,REFEX,MATCH,Common
09-11-2020,SANGHVIMOV,MATCH,Common
09-11-2020,THERMAX,MATCH,Common
09-11-2020,TIMETECHNO,MATCH,Common
09-11-2020,XPROINDIA,MATCH,Common
09-11-2021,AFFLE,MATCH,Common
09-11-2021,GUJENERGY,MATCH,Common
09-11-2023,LUMAXIND,MATCH,Common
09-12-2019,JBMA,MATCH,Common
09-12-2020,PFOCUS,MATCH,Common
09-12-2020,SEAMECLTD,MATCH,Common
09-12-2021,ARTEMISMED,MATCH,Common
09-12-2022,LLOYDSENGG,MATCH,Common
09-12-2024,CHALET,MATCH,Common
09-12-2024,PDSL,MATCH,Common
09-12-2024,VIDHIING,MATCH,Common
10-01-2019,VIYASH,MATCH,Common
10-01-2020,IRB,MATCH,Common
10-01-2020,PAGEIND,MATCH,Common
10-01-2022,AJMERA,MATCH,Common
10-01-2022,GHCL,MATCH,Common
10-01-2023,GOLDIAM,MATCH,Common
10-01-2023,OIL,MATCH,Common
10-01-2024,ALICON,MATCH,Common
10-01-2024,DELHIVERY,MATCH,Common
10-02-2020,NEOGEN,MATCH,Common
10-02-2021,TTKPRESTIG,MATCH,Common
10-02-2021,WABAG,MATCH,Common
10-02-2021,WSTCSTPAPR,MATCH,Common
10-02-2022,ADANIPOWER,MATCH,Common
10-02-2026,ASTRAL,MATCH,Common
10-02-2026,GRAPHITE,MATCH,Common
10-02-2026,IDBI,MATCH,Common
10-02-2026,JPOLYINVST,MATCH,Common
10-03-2022,RELINFRA,MATCH,Common
10-03-2025,AAVAS,MATCH,Common
10-04-2019,ELECTHERM,MATCH,Common
10-04-2023,EIHAHOTELS,MATCH,Common
10-04-2023,EIHOTEL,MATCH,Common
10-04-2023,KINGFA,MATCH,Common
10-04-2023,KPRMILL,MATCH,Common
10-04-2023,NAVINFLUOR,MATCH,Common
10-04-2023,ORIENTHOT,MATCH,Common
10-04-2023,POWERGRID,MATCH,Common
10-04-2024,BHARATRAS,MATCH,Common
10-04-2024,DEEPAKNTR,MATCH,Common
10-04-2024,EXCELINDUS,MATCH,Common
10-04-2024,NSLNISP,MATCH,Common
10-04-2024,RAMCOSYS,MATCH,Common
10-04-2024,TALBROAUTO,MATCH,Common
10-04-2026,ANDHRSUGAR,MATCH,Common
10-04-2026,ASTERDM,MATCH,Common
10-04-2026,EBGNG,MATCH,Common
10-04-2026,HIRECT,MATCH,Common
10-05-2019,ORIENTELEC,MATCH,Common
10-05-2021,ANTELOPUS,MATCH,Common
10-05-2021,BALMLAWRIE,MATCH,Common
10-05-2021,BERGEPAINT,MATCH,Common
10-05-2021,BGRENERGY,MATCH,Common
10-05-2021,GMMPFAUDLR,MATCH,Common
10-05-2021,HCC,MATCH,Common
10-05-2021,JPPOWER,MATCH,Common
10-05-2021,PATANJALI,MATCH,Common
10-05-2021,SHARDACROP,MATCH,Common
10-05-2021,TATAINVEST,MATCH,Common
10-05-2021,TEXRAIL,MATCH,Common
10-05-2021,TIRUMALCHM,MATCH,Common
10-05-2021,UNITECH,MATCH,Common
10-05-2023,GODREJCP,MATCH,Common
10-05-2023,GULFOILLUB,MATCH,Common
10-05-2023,INDUSINDBK,MATCH,Common
10-05-2023,ISGEC,MATCH,Common
10-05-2023,MANORAMA,MATCH,Common
10-05-2023,SANOFI,MATCH,Common
10-05-2023,THANGAMAYL,MATCH,Common
10-05-2023,ZFCVINDIA,MATCH,Common
10-06-2020,GRSE,MATCH,Common
10-06-2020,UNICHEMLAB,MATCH,Common
10-06-2021,ALOKINDS,MATCH,Common
10-06-2021,BAYERCROP,MATCH,Common
10-06-2021,ICICIGI,MATCH,Common
10-06-2024,ACUTAAS,MATCH,Common
10-06-2024,AETHER,MATCH,Common
10-06-2024,FACT,MATCH,Common
10-06-2024,FINEORG,MATCH,Common
10-06-2024,GHCLTEXTIL,MATCH,Common
10-06-2024,GUFICBIO,MATCH,Common
10-06-2024,IMPAL,MATCH,Common
10-06-2024,LEMONTREE,MATCH,Common
10-06-2024,MADRASFERT,MATCH,Common
10-06-2024,PARADEEP,MATCH,Common
10-06-2024,PRECWIRE,MATCH,Common
10-06-2024,RCF,MATCH,Common
10-06-2024,ROSSARI,MATCH,Common
10-06-2024,ROTO,MATCH,Common
10-06-2024,RPOWER,MATCH,Common
10-06-2024,TRIVENI,MATCH,Common
10-06-2024,UFLEX,MATCH,Common
10-06-2024,VHL,MATCH,Common
10-06-2025,DCMSHRIRAM,MATCH,Common
10-06-2025,ELECTHERM,MATCH,Common
10-06-2026,BORORENEW,MATCH,Common
10-06-2026,EVEREADY,MATCH,Common
10-06-2026,MANORAMA,MATCH,Common
10-06-2026,PRUDENT,MATCH,Common
10-07-2023,HINDALCO,MATCH,Common
10-07-2023,SEPC,MATCH,Common
10-07-2023,TATASTEEL,MATCH,Common
10-07-2024,HITECH,MATCH,Common
10-07-2024,INDIGOPNTS,MATCH,Common
10-07-2025,KSB,MATCH,Common
10-07-2026,BFINVEST,DIFF,Only in File2 (1707)
10-07-2026,ARMANFIN,DIFF,Common
10-07-2026,CAPITALSFB,DIFF,Common
10-07-2026,KARURVYSYA,DIFF,Common
10-07-2026,LMW,DIFF,Common
10-07-2026,OMAXE,DIFF,Common
10-07-2026,RAJRATAN,DIFF,Common
10-07-2026,TANLA,DIFF,Common
10-07-2026,TATVA,DIFF,Common
10-07-2026,TIMETECHNO,DIFF,Common
10-08-2020,BHARATWIRE,MATCH,Common
10-08-2020,DCMSHRIRAM,MATCH,Common
10-08-2020,ECLERX,MATCH,Common
10-08-2020,SAKAR,MATCH,Common
10-08-2021,ESCORTS,MATCH,Common
10-08-2022,ACE,MATCH,Common
10-08-2022,ANTELOPUS,MATCH,Common
10-08-2022,DCW,MATCH,Common
10-08-2022,ESCORTS,MATCH,Common
10-08-2022,MUNJALAU,MATCH,Common
10-08-2022,PNCINFRA,MATCH,Common
10-08-2022,SALZERELEC,MATCH,Common
10-08-2023,EVEREADY,MATCH,Common
10-08-2023,KNRCON,MATCH,Common
10-08-2023,WSTCSTPAPR,MATCH,Common
10-09-2020,CANTABIL,MATCH,Common
10-09-2020,GENUSPOWER,MATCH,Common
10-09-2020,RELIGARE,MATCH,Common
10-09-2024,AXISBANK,MATCH,Common
10-09-2024,CAMPUS,MATCH,Common
10-09-2024,GOCOLORS,MATCH,Common
10-09-2024,LINDEINDIA,MATCH,Common
10-09-2024,LTF,MATCH,Common
10-09-2024,REDTAPE,MATCH,Common
10-09-2025,APCOTEXIND,MATCH,Common
10-09-2025,BANKINDIA,MATCH,Common
10-09-2025,HAL,MATCH,Common
10-09-2025,HEALTHX,MATCH,Common
10-09-2025,MTARTECH,MATCH,Common
10-09-2025,TATACONSUM,MATCH,Common
10-09-2025,VEEDOL,MATCH,Common
10-10-2019,BANDHANBNK,MATCH,Common
10-10-2019,THYROCARE,MATCH,Common
10-10-2022,CASTROLIND,MATCH,Common
10-10-2022,HONDAPOWER,MATCH,Common
10-10-2023,INDORAMA,MATCH,Common
10-10-2023,RIIL,MATCH,Common
10-10-2024,63MOONS,MATCH,Common
10-10-2024,GUJALKALI,MATCH,Common
10-10-2024,USHAMART,MATCH,Common
10-10-2025,RELIGARE,MATCH,Common
10-10-2025,RRKABEL,MATCH,Common
10-10-2025,SANSERA,MATCH,Common
10-11-2020,ARVIND,MATCH,Common
10-11-2020,FLUOROCHEM,MATCH,Common
10-11-2020,ITDC,MATCH,Common
10-11-2020,JAGSNPHARM,MATCH,Common
10-11-2020,MANAKCOAT,MATCH,Common
10-11-2020,ORIENTCEM,MATCH,Common
10-11-2020,PHOENIXLTD,MATCH,Common
10-11-2020,TRENT,MATCH,Common
10-11-2020,UNOMINDA,MATCH,Common
10-11-2022,SANGHVIMOV,MATCH,Common
10-11-2023,IFBIND,MATCH,Common
10-11-2023,MOREPENLAB,MATCH,Common
10-11-2023,NGLFINE,MATCH,Common
10-11-2025,AIAENG,MATCH,Common
10-11-2025,AUROPHARMA,MATCH,Common
10-11-2025,GRSE,MATCH,Common
10-11-2025,INDIGOPNTS,MATCH,Common
10-11-2025,JAMNAAUTO,MATCH,Common
10-11-2025,JBCHEPHARM,MATCH,Common
10-11-2025,LUPIN,MATCH,Common
10-11-2025,MINDACORP,MATCH,Common
10-11-2025,NIITMTS,MATCH,Common
10-11-2025,RICOAUTO,MATCH,Common
10-12-2020,SUZLON,MATCH,Common
10-12-2021,HIRECT,MATCH,Common
10-12-2021,MSPL,MATCH,Common
10-12-2021,TCS,MATCH,Common
10-12-2024,LMW,MATCH,Common
10-12-2025,HINDZINC,MATCH,Common
11-01-2019,COFORGE,MATCH,Common
11-01-2021,APARINDS,MATCH,Common
11-01-2022,BDL,MATCH,Common
11-01-2023,CIGNITITEC,MATCH,Common
11-01-2023,EDELWEISS,MATCH,Common
11-01-2023,ROTO,MATCH,Common
11-01-2024,JAMNAAUTO,MATCH,Common
11-02-2020,TASTYBITE,MATCH,Common
11-02-2021,IMPAL,MATCH,Common
11-03-2019,ALLDIGI,MATCH,Common
11-03-2019,APARINDS,MATCH,Common
11-03-2019,BLUEDART,MATCH,Common
11-03-2019,INDUSTOWER,MATCH,Common
11-03-2019,KOTAKBANK,MATCH,Common
11-03-2022,TNPL,MATCH,Common
11-04-2022,BHARATRAS,MATCH,Common
11-04-2022,MAXHEALTH,MATCH,Common
11-04-2022,RUPA,MATCH,Common
11-04-2022,SHANTIGEAR,MATCH,Common
11-04-2022,TIINDIA,MATCH,Common
11-04-2023,MEDPLUS,MATCH,Common
11-04-2023,NHPC,MATCH,Common
11-04-2023,TORNTPOWER,MATCH,Common
11-04-2025,DIAMONDYD,MATCH,Common
11-04-2025,MEDPLUS,MATCH,Common
11-05-2020,POLYMED,MATCH,Common
11-05-2021,ANUP,MATCH,Common
11-05-2021,CHAMBLFERT,MATCH,Common
11-05-2021,GODREJCP,MATCH,Common
11-05-2021,GTLINFRA,MATCH,Common
11-05-2021,LEMONTREE,MATCH,Common
11-05-2021,OMAXE,MATCH,Common
11-05-2021,SUMICHEM,MATCH,Common
11-05-2021,VEEDOL,MATCH,Common
11-05-2022,TDPOWERSYS,MATCH,Common
11-05-2023,CMSINFO,MATCH,Common
11-05-2023,ORCHPHARMA,MATCH,Common
11-05-2023,PRAKASH,MATCH,Common
11-05-2023,RICOAUTO,MATCH,Common
11-05-2023,SANSERA,MATCH,Common
11-05-2023,SHRIRAMFIN,MATCH,Common
11-05-2023,TASTYBITE,MATCH,Common
11-05-2023,VSTTILLERS,MATCH,Common
11-06-2021,JINDWORLD,MATCH,Common
11-06-2024,BANARISUG,MATCH,Common
11-06-2024,BFINVEST,MATCH,Common
11-06-2024,DCXINDIA,MATCH,Common
11-06-2024,FOSECOIND,MATCH,Common
11-06-2024,HONDAPOWER,MATCH,Common
11-06-2024,KAJARIACER,MATCH,Common
11-06-2024,MHRIL,MATCH,Common
11-06-2024,MTNL,MATCH,Common
11-07-2022,LTFOODS,MATCH,Common
11-07-2022,NOCIL,MATCH,Common
11-07-2022,SAFARI,MATCH,Common
11-07-2022,TTKHLTCARE,MATCH,Common
11-07-2022,VINATIORGA,MATCH,Common
11-07-2023,ALEMBICLTD,MATCH,Common
11-07-2023,GANDHITUBE,MATCH,Common
11-07-2023,MPHASIS,MATCH,Common
11-07-2023,TCPLPACK,MATCH,Common
11-07-2024,CCL,MATCH,Common
11-07-2024,HARIOMPIPE,MATCH,Common
11-07-2024,PCBL,MATCH,Common
11-07-2024,PTC,MATCH,Common
11-07-2025,PRECOT,DIFF,Only in File1 (2207)
11-07-2025,JAGSNPHARM,DIFF,Common
11-08-2020,AXISCADES,MATCH,Common
11-08-2020,JASH,MATCH,Common
11-08-2020,JSWHL,MATCH,Common
11-08-2020,SIGMAADV,MATCH,Common
11-08-2020,VENKEYS,MATCH,Common
11-08-2022,RHIM,MATCH,Common
11-08-2023,CENTRALBK,MATCH,Common
11-08-2023,HCLTECH,MATCH,Common
11-08-2023,IOB,MATCH,Common
11-08-2025,GPIL,MATCH,Common
11-08-2025,HARIOMPIPE,MATCH,Common
11-08-2025,HBLENGINE,MATCH,Common
11-08-2025,SHAILY,MATCH,Common
11-09-2019,ATUL,MATCH,Common
11-09-2019,BALRAMCHIN,MATCH,Common
11-09-2019,BFINVEST,MATCH,Common
11-09-2019,GODREJPROP,MATCH,Common
11-09-2019,GRINDWELL,MATCH,Common
11-09-2019,HIRECT,MATCH,Common
11-09-2019,KANSAINER,MATCH,Common
11-09-2019,KOLTEPATIL,MATCH,Common
11-09-2019,SUDARSCHEM,MATCH,Common
11-09-2019,SUPREMEIND,MATCH,Common
11-09-2019,TITAN,MATCH,Common
11-09-2023,KSCL,MATCH,Common
11-09-2023,MANYAVAR,MATCH,Common
11-09-2023,NIITLTD,MATCH,Common
11-09-2023,SUVEN,MATCH,Common
11-09-2024,NINSYS,MATCH,Common
11-09-2025,FUSION,MATCH,Common
11-09-2025,KMEW,MATCH,Common
11-10-2019,DIVISLAB,MATCH,Common
11-10-2019,HAL,MATCH,Common
11-10-2019,IRCON,MATCH,Common
11-10-2019,UNOMINDA,MATCH,Common
11-10-2021,BORORENEW,MATCH,Common
11-10-2021,CENTUM,MATCH,Common
11-10-2021,GOCLCORP,MATCH,Common
11-10-2021,GREENPLY,MATCH,Common
11-10-2021,INOXWIND,MATCH,Common
11-10-2021,SFL,MATCH,Common
11-10-2022,ASTEC,MATCH,Common
11-10-2023,FAZE3Q,MATCH,Common
11-10-2023,HITECH,MATCH,Common
11-10-2024,CRISIL,MATCH,Common
11-11-2019,ARE&M,MATCH,Common
11-11-2020,ASHOKA,MATCH,Common
11-11-2020,ASTERDM,MATCH,Common
11-11-2020,AUROPHARMA,MATCH,Common
11-11-2020,CHOLAHLDNG,MATCH,Common
11-11-2020,FORTIS,MATCH,Common
11-11-2020,HEIDELBERG,MATCH,Common
11-11-2021,AFFLE,MATCH,Common
11-11-2021,SPMLINFRA,MATCH,Common
11-11-2021,THERMAX,MATCH,Common
11-11-2021,WELCORP,MATCH,Common
11-11-2022,GMRAIRPORT,MATCH,Common
11-11-2022,MANAPPURAM,MATCH,Common
11-11-2022,NBCC,MATCH,Common
11-11-2022,SAKSOFT,MATCH,Common
11-11-2022,SHRIRAMFIN,MATCH,Common
11-11-2022,WENDT,MATCH,Common
11-11-2024,FILATEX,MATCH,Common
11-11-2025,APEX,MATCH,Common
11-11-2025,ARTEMISMED,MATCH,Common
11-11-2025,BLISSGVS,MATCH,Common
11-11-2025,COFORGE,MATCH,Common
11-11-2025,DATAPATTNS,MATCH,Common
11-11-2025,ESABINDIA,MATCH,Common
11-11-2025,INDIGO,MATCH,Common
11-12-2020,IMPAL,MATCH,Common
11-12-2020,KIOCL,MATCH,Common
11-12-2020,ZOTA,MATCH,Common
11-12-2023,FLUOROCHEM,MATCH,Common
11-12-2023,MAYURUNIQ,MATCH,Common
11-12-2024,EMUDHRA,MATCH,Common
11-12-2025,KOTAKBANK,MATCH,Common
11-12-2025,RPTECH,MATCH,Common
12-01-2022,GHCL,MATCH,Common
12-01-2022,MENONBE,MATCH,Common
12-02-2020,RTNPOWER,MATCH,Common
12-02-2024,ASTRAL,MATCH,Common
12-02-2024,BHAGCHEM,MATCH,Common
12-03-2019,INDUSINDBK,MATCH,Common
12-03-2019,SOTL,MATCH,Common
12-03-2025,GODFRYPHLP,MATCH,Common
12-04-2019,63MOONS,MATCH,Common
12-04-2019,ASTRAL,MATCH,Common
12-04-2022,OPTIEMUS,MATCH,Common
12-04-2024,ISGEC,MATCH,Common
12-04-2024,JINDALSAW,MATCH,Common
12-04-2024,REPCOHOME,MATCH,Common
12-05-2020,AVTNPL,MATCH,Common
12-05-2021,AJMERA,MATCH,Common
12-05-2021,AVANTIFEED,MATCH,Common
12-05-2021,CASTROLIND,MATCH,Common
12-05-2021,INDOTECH,MATCH,Common
12-05-2023,ASTERDM,MATCH,Common
12-05-2023,GLOBUSSPR,MATCH,Common
12-05-2025,AIIL,MATCH,Common
12-05-2025,ANGELONE,MATCH,Common
12-05-2025,BALAJITELE,MATCH,Common
12-05-2025,BANCOINDIA,MATCH,Common
12-05-2025,BHEL,MATCH,Common
12-05-2025,BIRLACORPN,MATCH,Common
12-05-2025,CENTUM,MATCH,Common
12-05-2025,CHOLAFIN,MATCH,Common
12-05-2025,CLEAN,MATCH,Common
12-05-2025,COSMOFIRST,MATCH,Common
12-05-2025,DHANBANK,MATCH,Common
12-05-2025,DHANUKA,MATCH,Common
12-05-2025,DYCL,MATCH,Common
12-05-2025,ECLERX,MATCH,Common
12-05-2025,ENGINERSIN,MATCH,Common
12-05-2025,GMDCLTD,MATCH,Common
12-05-2025,GRWRHITECH,MATCH,Common
12-05-2025,HIRECT,MATCH,Common
12-05-2025,HPL,MATCH,Common
12-05-2025,IDBI,MATCH,Common
12-05-2025,IFCI,MATCH,Common
12-05-2025,INOXINDIA,MATCH,Common
12-05-2025,INTERARCH,MATCH,Common
12-05-2025,IPL,MATCH,Common
12-05-2025,KERNEX,MATCH,Common
12-05-2025,KRBL,MATCH,Common
12-05-2025,LICI,MATCH,Common
12-05-2025,LTF,MATCH,Common
12-05-2025,LUMAXIND,MATCH,Common
12-05-2025,MANINDS,MATCH,Common
12-05-2025,MMTC,MATCH,Common
12-05-2025,MOIL,MATCH,Common
12-05-2025,NELCAST,MATCH,Common
12-05-2025,NUCLEUS,MATCH,Common
12-05-2025,PENIND,MATCH,Common
12-05-2025,POWERMECH,MATCH,Common
12-05-2025,PRUDENT,MATCH,Common
12-05-2025,RAMRAT,MATCH,Common
12-05-2025,RELINFRA,MATCH,Common
12-05-2025,RPOWER,MATCH,Common
12-05-2025,SAIL,MATCH,Common
12-05-2025,SHARDACROP,MATCH,Common
12-05-2025,SOUTHBANK,MATCH,Common
12-05-2025,SUBROS,MATCH,Common
12-05-2025,SUDARSCHEM,MATCH,Common
12-05-2025,SURYAROSNI,MATCH,Common
12-05-2025,SUZLON,MATCH,Common
12-05-2025,TATASTEEL,MATCH,Common
12-05-2025,TVSHLTD,MATCH,Common
12-05-2025,UNIONBANK,MATCH,Common
12-05-2025,VENUSREM,MATCH,Common
12-05-2025,VISHNU,MATCH,Common
12-05-2025,VRLLOG,MATCH,Common
12-05-2025,WANBURY,MATCH,Common
12-05-2025,ZENSARTECH,MATCH,Common
12-05-2025,ZENTEC,MATCH,Common
12-06-2023,BAJAJELEC,MATCH,Common
12-06-2023,GUFICBIO,MATCH,Common
12-06-2023,IMAGICAA,MATCH,Common
12-06-2023,KSL,MATCH,Common
12-06-2023,SJVN,MATCH,Common
12-06-2023,WOCKPHARMA,MATCH,Common
12-06-2024,LEMONTREE,MATCH,Common
12-06-2024,MAXHEALTH,MATCH,Common
12-06-2024,PAISALO,MATCH,Common
12-06-2024,PRIVISCL,MATCH,Common
12-06-2024,SPAL,MATCH,Common
12-06-2026,BORORENEW,MATCH,Common
12-06-2026,BOSCHLTD,MATCH,Common
12-06-2026,INDIGO,MATCH,Common
12-06-2026,JSWINFRA,MATCH,Common
12-06-2026,MOREPENLAB,MATCH,Common
12-06-2026,ORIENTHOT,MATCH,Common
12-06-2026,PITTIENG,MATCH,Common
12-06-2026,RELIGARE,MATCH,Common
12-06-2026,WENDT,MATCH,Common
12-07-2019,ZYDUSWELL,MATCH,Common
12-07-2021,ATULAUTO,MATCH,Common
12-07-2021,GILLETTE,MATCH,Common
12-07-2021,NELCAST,MATCH,Common
12-07-2021,TANLA,MATCH,Common
12-07-2022,ITI,MATCH,Common
12-07-2022,SAKAR,MATCH,Common
12-07-2023,BLISSGVS,MATCH,Common
12-07-2023,NATIONALUM,MATCH,Common
12-07-2024,NYKAA,MATCH,Common
12-07-2024,SYNCOMF,MATCH,Common
12-08-2020,PUNJABCHEM,MATCH,Common
12-08-2022,ESCORTS,MATCH,Common
12-08-2024,AGI,MATCH,Common
12-08-2024,PANACEABIO,MATCH,Common
12-08-2025,IMFA,MATCH,Common
12-08-2025,RICOAUTO,MATCH,Common
12-09-2019,ARMANFIN,MATCH,Common
12-09-2019,MANGLMCEM,MATCH,Common
12-09-2022,EIDPARRY,MATCH,Common
12-09-2022,THANGAMAYL,MATCH,Common
12-09-2024,AVALON,MATCH,Common
12-09-2024,AXISBANK,MATCH,Common
12-09-2024,LTF,MATCH,Common
12-10-2020,BBOX,MATCH,Common
12-10-2020,PRICOLLTD,MATCH,Common
12-10-2021,SWARAJENG,MATCH,Common
12-10-2021,TANLA,MATCH,Common
12-10-2022,MAXHEALTH,MATCH,Common
12-10-2022,ORCHPHARMA,MATCH,Common
12-10-2023,ASIANHOTNR,MATCH,Common
12-10-2023,SMCGLOBAL,MATCH,Common
12-11-2018,REFEX,MATCH,Common
12-11-2020,AMRUTANJAN,MATCH,Common
12-11-2020,APEX,MATCH,Common
12-11-2020,BANCOINDIA,MATCH,Common
12-11-2020,BLUESTARCO,MATCH,Common
12-11-2020,CAPACITE,MATCH,Common
12-11-2020,EXIDEIND,MATCH,Common
12-11-2020,GHCL,MATCH,Common
12-11-2020,GOCLCORP,MATCH,Common
12-11-2020,IFGLEXPOR,MATCH,Common
12-11-2020,INDIACEM,MATCH,Common
12-11-2020,TVSSRICHAK,MATCH,Common
12-11-2020,WALCHANNAG,MATCH,Common
12-11-2023,DOLLAR,MATCH,Common
12-11-2023,MUNJALAU,MATCH,Common
12-11-2023,PIXTRANS,MATCH,Common
12-11-2025,EUREKAFORB,MATCH,Common
12-11-2025,ICIL,MATCH,Common
12-11-2025,KRBL,MATCH,Common
12-11-2025,LUPIN,MATCH,Common
12-12-2018,BANKINDIA,MATCH,Common
12-12-2018,INDIANHUME,MATCH,Common
12-12-2018,INDORAMA,MATCH,Common
12-12-2018,PIIND,MATCH,Common
12-12-2018,SBIN,MATCH,Common
12-12-2019,TMPV,MATCH,Common
12-12-2019,ZFCVINDIA,MATCH,Common
12-12-2022,CSBBANK,MATCH,Common
12-12-2022,SJS,MATCH,Common
12-12-2022,SURYODAY,MATCH,Common
12-12-2023,DEEPAKFERT,MATCH,Common
12-12-2024,CENTUM,MATCH,Common
12-12-2024,STARCEMENT,MATCH,Common
12-12-2025,NMDC,MATCH,Common
13-01-2020,BOSCH-HCIL,MATCH,Common
13-01-2020,GARFIBRES,MATCH,Common
13-01-2020,HAL,MATCH,Common
13-01-2020,HGS,MATCH,Common
13-01-2020,IRCON,MATCH,Common
13-01-2021,GOCLCORP,MATCH,Common
13-01-2022,SUMMITSEC,MATCH,Common
13-01-2023,NEWGEN,MATCH,Common
13-01-2023,SAIL,MATCH,Common
13-01-2023,VEDL,MATCH,Common
13-01-2026,INDSWFTLAB,MATCH,Common
13-01-2026,OIL,MATCH,Common
13-01-2026,ONGC,MATCH,Common
13-02-2019,EXPLEOSOL,MATCH,Common
13-02-2019,NEULANDLAB,MATCH,Common
13-02-2020,PRIVISCL,MATCH,Common
13-02-2023,MARATHON,MATCH,Common
13-02-2024,AEGISLOG,MATCH,Common
13-02-2024,TATACOMM,MATCH,Common
13-03-2019,MGL,MATCH,Common
13-03-2019,PIDILITIND,MATCH,Common
13-04-2020,RAJRILTD,MATCH,Common
13-04-2021,SANGHVIMOV,MATCH,Common
13-04-2022,LUMAXTECH,MATCH,Common
13-04-2022,PATANJALI,MATCH,Common
13-04-2022,RUBYMILLS,MATCH,Common
13-04-2023,POWERGRID,MATCH,Common
13-04-2026,DIVGIITTS,MATCH,Common
13-04-2026,GLENMARK,MATCH,Common
13-04-2026,JSWENERGY,MATCH,Common
13-04-2026,NELCAST,MATCH,Common
13-04-2026,PTC,MATCH,Common
13-04-2026,VISHNU,MATCH,Common
13-05-2020,BALKRISIND,MATCH,Common
13-05-2025,63MOONS,MATCH,Common
13-05-2025,BEML,MATCH,Common
13-05-2025,COCHINSHIP,MATCH,Common
13-05-2025,DBREALTY,MATCH,Common
13-05-2025,HLEGLAS,MATCH,Common
13-05-2025,INDIANB,MATCH,Common
13-05-2025,INDOSTAR,MATCH,Common
13-05-2025,INOXGREEN,MATCH,Common
13-05-2025,INSECTICID,MATCH,Common
13-05-2025,IOLCP,MATCH,Common
13-05-2025,JUBLPHARMA,MATCH,Common
13-05-2025,KOLTEPATIL,MATCH,Common
13-05-2025,LINDEINDIA,MATCH,Common
13-05-2025,NUVAMA,MATCH,Common
13-05-2025,POLYPLEX,MATCH,Common
13-05-2025,PUNJABCHEM,MATCH,Common
13-05-2025,RAMCOCEM,MATCH,Common
13-05-2025,RPEL,MATCH,Common
13-05-2025,SHILPAMED,MATCH,Common
13-05-2025,SRM,MATCH,Common
13-05-2025,STYRENIX,MATCH,Common
13-05-2025,TDPOWERSYS,MATCH,Common
13-05-2025,TIL,MATCH,Common
13-05-2025,TSFINV,MATCH,Common
13-06-2019,KPRMILL,MATCH,Common
13-06-2023,BBTC,MATCH,Common
13-06-2023,BHAGYANGR,MATCH,Common
13-06-2023,COLPAL,MATCH,Common
13-06-2023,EKC,MATCH,Common
13-06-2023,GEOJITFSL,MATCH,Common
13-06-2023,JAGRAN,MATCH,Common
13-06-2023,MOLDTKPAC,MATCH,Common
13-06-2023,ORISSAMINE,MATCH,Common
13-06-2023,THOMASCOOK,MATCH,Common
13-06-2024,AETHER,MATCH,Common
13-06-2024,ELGIEQUIP,MATCH,Common
13-06-2024,IMPAL,MATCH,Common
13-06-2024,MAHSCOOTER,MATCH,Common
13-06-2024,ONEPOINT,MATCH,Common
13-06-2024,SAPPHIRE,MATCH,Common
13-06-2024,TCPLPACK,MATCH,Common
13-06-2025,PSPPROJECT,MATCH,Common
13-07-2020,ANDHRSUGAR,MATCH,Common
13-07-2020,APOLLOHOSP,MATCH,Common
13-07-2020,CAPLIPOINT,MATCH,Common
13-07-2020,RPGLIFE,MATCH,Common
13-07-2022,INGERRAND,MATCH,Common
13-07-2022,JBCHEPHARM,MATCH,Common
13-07-2022,ZFCVINDIA,MATCH,Common
13-07-2023,GANDHITUBE,MATCH,Common
13-07-2023,HINDALCO,MATCH,Common
13-07-2023,MPHASIS,MATCH,Common
13-07-2023,VIMTALABS,MATCH,Common
13-07-2026,MUKANDLTD,DIFF,Only in File2 (1707)
13-07-2026,DALMIASUG,DIFF,Common
13-07-2026,LXCHEM,DIFF,Common
13-07-2026,NILKAMAL,DIFF,Common
13-07-2026,TATATECH,DIFF,Common
13-07-2026,VSSL,DIFF,Common
13-08-2019,DEN,MATCH,Common
13-08-2019,HATHWAY,MATCH,Common
13-08-2019,NH,MATCH,Common
13-08-2020,RADICO,MATCH,Common
13-08-2021,TIINDIA,MATCH,Common
13-08-2024,TEMBO,MATCH,Common
13-08-2025,HINDALCO,MATCH,Common
13-08-2025,RISHABH,MATCH,Common
13-08-2025,UNOMINDA,MATCH,Common
13-09-2019,TITAN,MATCH,Common
13-09-2021,PGEL,MATCH,Common
13-09-2022,KAJARIACER,MATCH,Common
13-09-2023,GRANULES,MATCH,Common
13-09-2023,METROPOLIS,MATCH,Common
13-09-2024,JLHL,MATCH,Common
13-09-2024,SMCGLOBAL,MATCH,Common
13-10-2020,JSWENERGY,MATCH,Common
13-10-2021,BOROLTD,MATCH,Common
13-10-2021,CHOLAFIN,MATCH,Common
13-10-2022,ANANDRATHI,MATCH,Common
13-10-2022,NSIL,MATCH,Common
13-10-2025,APARINDS,MATCH,Common
13-10-2025,KERNEX,MATCH,Common
13-10-2025,MEDIASSIST,MATCH,Common
13-11-2018,AXISBANK,MATCH,Common
13-11-2019,LUXIND,MATCH,Common
13-11-2019,TANLA,MATCH,Common
13-11-2020,FLUOROCHEM,MATCH,Common
13-11-2020,GANECOS,MATCH,Common
13-11-2020,JAGSNPHARM,MATCH,Common
13-11-2020,MANAKCOAT,MATCH,Common
13-11-2020,MASFIN,MATCH,Common
13-11-2020,PRECAM,MATCH,Common
13-11-2020,THERMAX,MATCH,Common
13-11-2020,TIMETECHNO,MATCH,Common
13-11-2023,HINDALCO,MATCH,Common
13-11-2025,AETHER,MATCH,Common
13-12-2018,PNBGILTS,MATCH,Common
13-12-2019,GPIL,MATCH,Common
13-12-2019,HINDALCO,MATCH,Common
13-12-2019,JBMA,MATCH,Common
13-12-2021,ASTEC,MATCH,Common
13-12-2021,KAPSTON,MATCH,Common
13-12-2023,BEPL,MATCH,Common
13-12-2023,GREENPANEL,MATCH,Common
13-12-2023,JTEKTINDIA,MATCH,Common
13-12-2023,ROUTE,MATCH,Common
13-12-2023,SFL,MATCH,Common
13-12-2023,SHREEPUSHK,MATCH,Common
13-12-2023,TANLA,MATCH,Common
14-01-2019,POKARNA,MATCH,Common
14-01-2020,BRITANNIA,MATCH,Common
14-01-2020,CROMPTON,MATCH,Common
14-01-2020,SFL,MATCH,Common
14-01-2020,TATAINVEST,MATCH,Common
14-01-2021,JAIBALAJI,MATCH,Common
14-01-2021,PRIVISCL,MATCH,Common
14-01-2022,EIDPARRY,MATCH,Common
14-01-2025,MINDACORP,MATCH,Common
14-01-2025,SBICARD,MATCH,Common
14-02-2023,NUCLEUS,MATCH,Common
14-02-2023,SHREECEM,MATCH,Common
14-02-2024,ASTRAL,MATCH,Common
14-02-2025,TCPLPACK,MATCH,Common
14-03-2019,EPL,MATCH,Common
14-03-2019,PRESTIGE,MATCH,Common
14-03-2022,TAJGVK,MATCH,Common
14-03-2022,UFLEX,MATCH,Common
14-03-2022,USHAMART,MATCH,Common
14-05-2021,GPTINFRA,MATCH,Common
14-05-2021,NH,MATCH,Common
14-05-2021,PENIND,MATCH,Common
14-05-2024,ALEMBICLTD,MATCH,Common
14-05-2024,ASTRAZEN,MATCH,Common
14-05-2024,PARAS,MATCH,Common
14-05-2024,TEXINFRA,MATCH,Common
14-05-2025,AFFLE,MATCH,Common
14-05-2025,BERGEPAINT,MATCH,Common
14-05-2025,GMDCLTD,MATCH,Common
14-05-2025,HEG,MATCH,Common
14-05-2025,MASFIN,MATCH,Common
14-05-2025,MCX,MATCH,Common
14-05-2025,RAJRILTD,MATCH,Common
14-05-2025,RAYMOND,MATCH,Common
14-06-2021,5PAISA,MATCH,Common
14-06-2021,UNIONBANK,MATCH,Common
14-06-2023,AMRUTANJAN,MATCH,Common
14-06-2023,BLS,MATCH,Common
14-06-2023,IMAGICAA,MATCH,Common
14-06-2023,POLYMED,MATCH,Common
14-06-2023,SIS,MATCH,Common
14-06-2023,VIJAYA,MATCH,Common
14-06-2024,RELIGARE,MATCH,Common
14-07-2021,GLAXO,MATCH,Common
14-07-2023,NATIONALUM,MATCH,Common
14-07-2023,SIGMAADV,MATCH,Common
14-07-2025,AVTNPL,MATCH,Common
14-07-2025,HEG,MATCH,Common
14-07-2025,SOBHA,MATCH,Common
14-07-2025,TORNTPHARM,MATCH,Common
14-07-2026,LANDMARK,MATCH,Common
14-08-2019,BHARATRAS,MATCH,Common
14-08-2019,CESC,MATCH,Common
14-08-2019,DIXON,MATCH,Common
14-08-2019,IGL,MATCH,Common
14-08-2023,ACI,MATCH,Common
14-08-2023,RUBYMILLS,MATCH,Common
14-08-2023,UNITECH,MATCH,Common
14-08-2024,SHK,MATCH,Common
14-08-2025,HINDWAREAP,MATCH,Common
14-09-2020,AEGISLOG,MATCH,Common
14-09-2020,AIAENG,MATCH,Common
14-09-2020,CEATLTD,MATCH,Common
14-09-2020,CIGNITITEC,MATCH,Common
14-09-2020,DCW,MATCH,Common
14-09-2020,GODREJAGRO,MATCH,Common
14-09-2020,LALPATHLAB,MATCH,Common
14-09-2020,MSTCLTD,MATCH,Common
14-09-2020,NH,MATCH,Common
14-09-2020,RAMCOCEM,MATCH,Common
14-09-2020,SUDARSCHEM,MATCH,Common
14-09-2020,TIRUMALCHM,MATCH,Common
14-09-2020,TTKPRESTIG,MATCH,Common
14-09-2020,VINATIORGA,MATCH,Common
14-09-2021,GAIL,MATCH,Common
14-09-2021,HINDPETRO,MATCH,Common
14-09-2021,INDIANB,MATCH,Common
14-09-2021,INDUSINDBK,MATCH,Common
14-09-2021,KIRLOSIND,MATCH,Common
14-09-2022,APLAPOLLO,MATCH,Common
14-09-2022,EIDPARRY,MATCH,Common
14-09-2023,AFSL,MATCH,Common
14-09-2023,BALKRISIND,MATCH,Common
14-09-2023,PANACEABIO,MATCH,Common
14-10-2019,ADANIENT,MATCH,Common
14-10-2019,BAJAJ-AUTO,MATCH,Common
14-10-2019,CESC,MATCH,Common
14-10-2019,GILLETTE,MATCH,Common
14-10-2019,GODFRYPHLP,MATCH,Common
14-10-2019,SYNGENE,MATCH,Common
14-10-2020,RENUKA,MATCH,Common
14-10-2021,MENONBE,MATCH,Common
14-10-2024,AJMERA,MATCH,Common
14-10-2024,HIMATSEIDE,MATCH,Common
14-10-2024,PRECAM,MATCH,Common
14-10-2025,MUFIN,MATCH,Common
14-11-2018,ADANIENSOL,MATCH,Common
14-11-2019,STEELXIND,MATCH,Common
14-11-2020,KPIL,MATCH,Common
14-11-2020,OBEROIRLTY,MATCH,Common
14-11-2020,SIS,MATCH,Common
14-11-2020,SJVN,MATCH,Common
14-11-2022,AWHCL,MATCH,Common
14-11-2022,ESABINDIA,MATCH,Common
14-11-2022,GOCLCORP,MATCH,Common
14-11-2022,HEROMOTOCO,MATCH,Common
14-11-2022,KIRLOSBROS,MATCH,Common
14-11-2022,KOTAKBANK,MATCH,Common
14-11-2022,MSTCLTD,MATCH,Common
14-11-2022,PFIZER,MATCH,Common
14-11-2022,REDINGTON,MATCH,Common
14-11-2024,DCAL,MATCH,Common
14-11-2024,MEDPLUS,MATCH,Common
14-11-2025,GVPIL,MATCH,Common
14-11-2025,KRBL,MATCH,Common
14-11-2025,WEL,MATCH,Common
14-12-2020,DOLATALGO,MATCH,Common
14-12-2020,HONAUT,MATCH,Common
14-12-2020,NAVA,MATCH,Common
14-12-2020,RTNINDIA,MATCH,Common
14-12-2023,ATUL,MATCH,Common
14-12-2023,CASTROLIND,MATCH,Common
14-12-2023,TEAMLEASE,MATCH,Common
15-01-2019,RELIANCE,MATCH,Common
15-01-2020,KOLTEPATIL,MATCH,Common
15-01-2020,UNITECH,MATCH,Common
15-01-2024,INDOTHAI,MATCH,Common
15-01-2024,SIS,MATCH,Common
15-01-2025,ALIVUS,MATCH,Common
15-02-2019,JKLAKSHMI,MATCH,Common
15-02-2021,TRENT,MATCH,Common
15-02-2024,AEGISLOG,MATCH,Common
15-02-2024,RGL,MATCH,Common
15-02-2024,SUDARSCHEM,MATCH,Common
15-03-2019,BLUEDART,MATCH,Common
15-03-2019,FEDERALBNK,MATCH,Common
15-03-2019,POWERGRID,MATCH,Common
15-03-2022,ANGELONE,MATCH,Common
15-03-2022,PHOENIXLTD,MATCH,Common
15-04-2019,TCS,MATCH,Common
15-04-2024,AARTIPHARM,MATCH,Common
15-04-2025,ANURAS,MATCH,Common
15-04-2025,BEL,MATCH,Common
15-04-2025,PARAS,MATCH,Common
15-04-2025,RELIANCE,MATCH,Common
15-04-2025,SBFC,MATCH,Common
15-04-2026,ATUL,MATCH,Common
15-04-2026,RRKABEL,MATCH,Common
15-04-2026,STARHEALTH,MATCH,Common
15-04-2026,STYLEBAAZA,MATCH,Common
15-04-2026,TRITURBINE,MATCH,Common
15-05-2020,GARFIBRES,MATCH,Common
15-05-2020,MCX,MATCH,Common
15-05-2023,AJMERA,MATCH,Common
15-05-2023,JPOLYINVST,MATCH,Common
15-05-2023,SHAKTIPUMP,MATCH,Common
15-05-2024,HARSHA,MATCH,Common
15-05-2024,ICEMAKE,MATCH,Common
15-05-2024,INDIANHUME,MATCH,Common
15-05-2024,KAYNES,MATCH,Common
15-05-2024,TEXRAIL,MATCH,Common
15-05-2025,LODHA,MATCH,Common
15-05-2025,STYRENIX,MATCH,Common
15-05-2026,ASIANENE,MATCH,Common
15-06-2020,DEEPAKFERT,MATCH,Common
15-06-2020,SOLARA,MATCH,Common
15-06-2020,SPIC,MATCH,Common
15-06-2021,HINDUNILVR,MATCH,Common
15-06-2022,PITTIENG,MATCH,Common
15-06-2023,METROPOLIS,MATCH,Common
15-06-2023,ROLEXRINGS,MATCH,Common
15-06-2023,SAREGAMA,MATCH,Common
15-06-2026,ANUP,MATCH,Common
15-06-2026,AURUM,MATCH,Common
15-06-2026,AVL,MATCH,Common
15-06-2026,BEPL,MATCH,Common
15-06-2026,FINEORG,MATCH,Common
15-06-2026,FLUOROCHEM,MATCH,Common
15-06-2026,GABRIEL,MATCH,Common
15-06-2026,GNFC,MATCH,Common
15-06-2026,GOKEX,MATCH,Common
15-06-2026,HARSHA,MATCH,Common
15-06-2026,HMT,MATCH,Common
15-06-2026,HNDFDS,MATCH,Common
15-06-2026,KAJARIACER,MATCH,Common
15-06-2026,KIRLOSIND,MATCH,Common
15-06-2026,MACPOWER,MATCH,Common
15-06-2026,PAGEIND,MATCH,Common
15-06-2026,PDSL,MATCH,Common
15-06-2026,PGIL,MATCH,Common
15-06-2026,PHOENIXLTD,MATCH,Common
15-06-2026,SPAL,MATCH,Common
15-06-2026,THEJO,MATCH,Common
15-06-2026,TRENT,MATCH,Common
15-06-2026,WELSPUNLIV,MATCH,Common
15-07-2019,INFY,MATCH,Common
15-07-2021,HAVELLS,MATCH,Common
15-07-2021,SYNGENE,MATCH,Common
15-07-2022,INGERRAND,MATCH,Common
15-07-2022,VINATIORGA,MATCH,Common
15-07-2025,AADHARHFC,MATCH,Common
15-07-2025,AARTIDRUGS,MATCH,Common
15-07-2025,HCG,MATCH,Common
15-07-2025,NUVOCO,MATCH,Common
15-07-2025,SIS,MATCH,Common
15-07-2025,TI,MATCH,Common
15-07-2026,BAJAJ-AUTO,MATCH,Common
15-07-2026,JINDWORLD,MATCH,Common
15-09-2020,ELECTCAST,MATCH,Common
15-09-2020,JYOTISTRUC,MATCH,Common
15-09-2020,LAOPALA,MATCH,Common
15-09-2020,PCBL,MATCH,Common
15-09-2020,SUPRAJIT,MATCH,Common
15-09-2021,BANARISUG,MATCH,Common
15-09-2021,CANBK,MATCH,Common
15-09-2021,GMRAIRPORT,MATCH,Common
15-09-2022,THANGAMAYL,MATCH,Common
15-09-2022,TI,MATCH,Common
15-09-2023,KSCL,MATCH,Common
15-09-2023,MANYAVAR,MATCH,Common
15-09-2023,PNBGILTS,MATCH,Common
15-09-2025,ANANTRAJ,MATCH,Common
15-09-2025,BANKBARODA,MATCH,Common
15-09-2025,INOXINDIA,MATCH,Common
15-09-2025,PILANIINVS,MATCH,Common
15-09-2025,SANDUMA,MATCH,Common
15-09-2025,SHREEPUSHK,MATCH,Common
15-09-2025,WHEELS,MATCH,Common
15-10-2019,BALKRISIND,MATCH,Common
15-10-2019,BFUTILITIE,MATCH,Common
15-10-2019,KPRMILL,MATCH,Common
15-10-2019,MIDHANI,MATCH,Common
15-10-2019,NAVINFLUOR,MATCH,Common
15-10-2019,PFOCUS,MATCH,Common
15-10-2019,TVSMOTOR,MATCH,Common
15-10-2024,ASTERDM,MATCH,Common
15-10-2024,INDIGOPNTS,MATCH,Common
15-10-2025,BAJAJFINSV,MATCH,Common
15-10-2025,ICICIGI,MATCH,Common
15-10-2025,MAHLIFE,MATCH,Common
15-10-2025,SALASAR,MATCH,Common
15-10-2025,TATAPOWER,MATCH,Common
15-11-2018,AXISBANK,MATCH,Common
15-11-2018,BRITANNIA,MATCH,Common
15-11-2018,COLPAL,MATCH,Common
15-11-2018,HONAUT,MATCH,Common
15-11-2021,FORTIS,MATCH,Common
15-11-2022,BANCOINDIA,MATCH,Common
15-11-2022,MARKSANS,MATCH,Common
15-11-2022,TEXRAIL,MATCH,Common
15-11-2023,BCLIND,MATCH,Common
15-11-2023,EMBDL,MATCH,Common
15-11-2023,HDFCLIFE,MATCH,Common
15-11-2023,ICICIPRULI,MATCH,Common
15-11-2023,MANAPPURAM,MATCH,Common
15-11-2023,MUKANDLTD,MATCH,Common
15-11-2023,NAVKARCORP,MATCH,Common
15-12-2020,JMFINANCIL,MATCH,Common
15-12-2020,SIRCA,MATCH,Common
15-12-2020,WHIRLPOOL,MATCH,Common
15-12-2022,NAVA,MATCH,Common
15-12-2023,ALLCARGO,MATCH,Common
15-12-2023,HFCL,MATCH,Common
15-12-2023,SALASAR,MATCH,Common
15-12-2023,TATACHEM,MATCH,Common
15-12-2025,AIIL,MATCH,Common
15-12-2025,BRITANNIA,MATCH,Common
16-01-2020,GRINDWELL,MATCH,Common
16-01-2020,NACLIND,MATCH,Common
16-01-2025,LTTS,MATCH,Common
16-01-2025,SBICARD,MATCH,Common
16-02-2021,CENTRALBK,MATCH,Common
16-02-2021,INDNIPPON,MATCH,Common
16-02-2021,IOB,MATCH,Common
16-02-2021,LUMAXIND,MATCH,Common
16-02-2021,ONGC,MATCH,Common
16-02-2022,EVEREADY,MATCH,Common
16-02-2022,JAGSNPHARM,MATCH,Common
16-02-2023,FOSECOIND,MATCH,Common
16-02-2024,ACI,MATCH,Common
16-02-2024,CONFIPET,MATCH,Common
16-02-2024,DATAPATTNS,MATCH,Common
16-02-2024,JAGRAN,MATCH,Common
16-02-2026,BHARATSE,MATCH,Common
16-02-2026,ICEMAKE,MATCH,Common
16-02-2026,KRN,MATCH,Common
16-02-2026,MANGLMCEM,MATCH,Common
16-02-2026,WHEELS,MATCH,Common
16-03-2021,HINDUNILVR,MATCH,Common
16-03-2022,EIHAHOTELS,MATCH,Common
16-03-2022,INTELLECT,MATCH,Common
16-03-2022,PRESTIGE,MATCH,Common
16-03-2022,RAJRILTD,MATCH,Common
16-03-2022,RELIANCE,MATCH,Common
16-03-2022,SHOPERSTOP,MATCH,Common
16-03-2022,TAJGVK,MATCH,Common
16-04-2019,NESCO,MATCH,Common
16-04-2021,SANGHVIMOV,MATCH,Common
16-04-2024,BHARATFORG,MATCH,Common
16-04-2024,ELECON,MATCH,Common
16-04-2024,HINDOILEXP,MATCH,Common
16-04-2024,MMFL,MATCH,Common
16-04-2024,SAREGAMA,MATCH,Common
16-04-2024,UEL,MATCH,Common
16-04-2024,WELENT,MATCH,Common
16-04-2026,NLCINDIA,MATCH,Common
16-04-2026,PIXTRANS,MATCH,Common
16-05-2019,TATACONSUM,MATCH,Common
16-05-2022,KKCL,MATCH,Common
16-05-2022,TVSMOTOR,MATCH,Common
16-05-2023,DHANUKA,MATCH,Common
16-05-2023,HINDWAREAP,MATCH,Common
16-05-2024,BIKAJI,MATCH,Common
16-05-2024,CIEINDIA,MATCH,Common
16-05-2024,GANECOS,MATCH,Common
16-05-2025,JUBLPHARMA,MATCH,Common
16-05-2025,MASFIN,MATCH,Common
16-05-2025,SUDARSCHEM,MATCH,Common
16-06-2020,BALAMINES,MATCH,Common
16-06-2020,BDL,MATCH,Common
16-06-2023,ALLDIGI,MATCH,Common
16-06-2023,GUFICBIO,MATCH,Common
16-06-2023,KSL,MATCH,Common
16-06-2023,ORISSAMINE,MATCH,Common
16-06-2023,SHALBY,MATCH,Common
16-06-2023,VIDHIING,MATCH,Common
16-06-2026,NACLIND,MATCH,Common
16-06-2026,NELCO,MATCH,Common
16-06-2026,TARSONS,MATCH,Common
16-06-2026,TIIL,MATCH,Common
16-06-2026,VARROC,MATCH,Common
16-07-2021,63MOONS,MATCH,Common
16-07-2021,GIPCL,MATCH,Common
16-07-2024,TTML,MATCH,Common
16-07-2025,INFOBEAN,MATCH,Common
16-07-2025,RRKABEL,MATCH,Common
16-07-2025,SHYAMMETL,MATCH,Common
16-07-2025,VIMTALABS,MATCH,Common
16-08-2021,BRITANNIA,MATCH,Common
16-08-2022,GILLETTE,MATCH,Common
16-08-2022,MIDHANI,MATCH,Common
16-08-2022,NDRAUTO,MATCH,Common
16-08-2022,NELCO,MATCH,Common
16-08-2022,NRBBEARING,MATCH,Common
16-08-2022,PENIND,MATCH,Common
16-08-2022,THERMAX,MATCH,Common
16-08-2023,ATULAUTO,MATCH,Common
16-08-2023,GMRP&UI,MATCH,Common
16-08-2023,IFBIND,MATCH,Common
16-08-2023,IIFLCAPS,MATCH,Common
16-08-2023,POKARNA,MATCH,Common
16-08-2023,SHAREINDIA,MATCH,Common
16-08-2024,LTTS,MATCH,Common
16-08-2024,ONIDA,MATCH,Common
16-09-2019,AMRUTANJAN,MATCH,Common
16-09-2019,CUB,MATCH,Common
16-09-2019,ESABINDIA,MATCH,Common
16-09-2019,MASFIN,MATCH,Common
16-09-2020,APOLLOHOSP,MATCH,Common
16-09-2021,THOMASCOOK,MATCH,Common
16-09-2022,3MINDIA,MATCH,Common
16-09-2024,ARIHANTSUP,MATCH,Common
16-09-2024,KAJARIACER,MATCH,Common
16-09-2024,KPRMILL,MATCH,Common
16-09-2024,NESTLEIND,MATCH,Common
16-09-2024,RPOWER,MATCH,Common
16-09-2024,SBFC,MATCH,Common
16-09-2025,ACCELYA,MATCH,Common
16-09-2025,MINDACORP,MATCH,Common
16-09-2025,SINDHUTRAD,MATCH,Common
16-10-2020,GPPL,MATCH,Common
16-10-2020,PRICOLLTD,MATCH,Common
16-10-2024,ORIENTCEM,MATCH,Common
16-10-2024,PENIND,MATCH,Common
16-10-2025,APARINDS,MATCH,Common
16-10-2025,HDFCBANK,MATCH,Common
16-10-2025,HUHTAMAKI,MATCH,Common
16-10-2025,RELIANCE,MATCH,Common
16-10-2025,WHIRLPOOL,MATCH,Common
16-11-2018,GOLDIAM,MATCH,Common
16-11-2018,INDHOTEL,MATCH,Common
16-11-2022,BAJAJHCARE,MATCH,Common
16-11-2022,HCC,MATCH,Common
16-11-2022,KOTAKBANK,MATCH,Common
16-11-2022,SALASAR,MATCH,Common
16-11-2023,BOSCHLTD,MATCH,Common
16-11-2023,POWERINDIA,MATCH,Common
16-12-2019,APEX,MATCH,Common
16-12-2020,CONTROLPR,MATCH,Common
16-12-2020,RTNINDIA,MATCH,Common
16-12-2024,DRREDDY,MATCH,Common
16-12-2024,SIGMAADV,MATCH,Common
16-12-2024,UNIVCABLES,MATCH,Common
17-01-2019,GOKULAGRO,MATCH,Common
17-01-2019,MAHASTEEL,MATCH,Common
17-01-2020,BOSCH-HCIL,MATCH,Common
17-01-2020,KSB,MATCH,Common
17-01-2022,DCMSHRIRAM,MATCH,Common
17-01-2022,GAEL,MATCH,Common
17-01-2022,MMTC,MATCH,Common
17-01-2023,APLAPOLLO,MATCH,Common
17-01-2023,POLYCAB,MATCH,Common
17-01-2023,SUNDROP,MATCH,Common
17-01-2024,INDOTHAI,MATCH,Common
17-01-2024,VAIBHAVGBL,MATCH,Common
17-01-2025,SWARAJENG,MATCH,Common
17-02-2021,HINDPETRO,MATCH,Common
17-02-2021,INDUSTOWER,MATCH,Common
17-02-2021,JAGRAN,MATCH,Common
17-02-2021,UNIONBANK,MATCH,Common
17-02-2026,AEROFLEX,MATCH,Common
17-02-2026,SUNTV,MATCH,Common
17-03-2021,ITC,MATCH,Common
17-03-2022,CARYSIL,MATCH,Common
17-03-2022,JSWSTEEL,MATCH,Common
17-03-2022,KEI,MATCH,Common
17-03-2025,ANUP,MATCH,Common
17-03-2025,EICHERMOT,MATCH,Common
17-03-2025,HDFCBANK,MATCH,Common
17-04-2023,BAJAJHLDNG,MATCH,Common
17-04-2023,IDFCFIRSTB,MATCH,Common
17-04-2023,POONAWALLA,MATCH,Common
17-04-2023,WENDT,MATCH,Common
17-04-2026,PRIVISCL,MATCH,Common
17-04-2026,STYLEBAAZA,MATCH,Common
17-05-2021,ADANIGREEN,MATCH,Common
17-05-2021,AUTOAXLES,MATCH,Common
17-05-2021,BANKBARODA,MATCH,Common
17-05-2021,BOSCHLTD,MATCH,Common
17-05-2021,EIHAHOTELS,MATCH,Common
17-05-2021,GPPL,MATCH,Common
17-05-2021,HAL,MATCH,Common
17-05-2021,HDFCBANK,MATCH,Common
17-05-2021,HUDCO,MATCH,Common
17-05-2021,IMAGICAA,MATCH,Common
17-05-2021,MUTHOOTFIN,MATCH,Common
17-05-2021,NELCAST,MATCH,Common
17-05-2021,RIIL,MATCH,Common
17-05-2021,SAMMAANCAP,MATCH,Common
17-05-2021,TRENT,MATCH,Common
17-05-2021,VINDHYATEL,MATCH,Common
17-05-2021,WESTLIFE,MATCH,Common
17-05-2021,WHEELS,MATCH,Common
17-05-2024,ALICON,MATCH,Common
17-05-2024,KAYNES,MATCH,Common
17-05-2024,PFIZER,MATCH,Common
17-05-2024,SJS,MATCH,Common
17-05-2024,SUMICHEM,MATCH,Common
17-06-2019,SKFINDIA,MATCH,Common
17-06-2020,GUFICBIO,MATCH,Common
17-06-2020,ITI,MATCH,Common
17-06-2020,JAGSNPHARM,MATCH,Common
17-06-2020,NACLIND,MATCH,Common
17-06-2020,NEULANDLAB,MATCH,Common
17-06-2021,NDRAUTO,MATCH,Common
17-06-2022,PITTIENG,MATCH,Common
17-06-2025,JINDALPHOT,MATCH,Common
17-06-2025,SAKAR,MATCH,Common
17-06-2026,HMT,MATCH,Common
17-06-2026,OLECTRA,MATCH,Common
17-06-2026,PAGEIND,MATCH,Common
17-06-2026,RAJRILTD,MATCH,Common
17-06-2026,RATNAVEER,MATCH,Common
17-06-2026,SUNPHARMA,MATCH,Common
17-07-2020,APOLLOHOSP,MATCH,Common
17-07-2023,E2E,DIFF,Only in File1 (2207)
17-07-2023,ADVENZYMES,DIFF,Common
17-07-2023,GOODLUCK,DIFF,Common
17-07-2023,GRASIM,DIFF,Common
17-07-2023,IDEA,DIFF,Common
17-07-2023,JAYNECOIND,DIFF,Common
17-07-2023,NELCAST,DIFF,Common
17-07-2023,RPSGVENT,DIFF,Common
17-07-2023,SBIN,DIFF,Common
17-07-2023,SWSOLAR,DIFF,Common
17-07-2023,VAIBHAVGBL,DIFF,Common
17-07-2023,VENKEYS,DIFF,Common
17-07-2025,ARVINDFASN,MATCH,Common
17-07-2025,GODREJAGRO,MATCH,Common
17-07-2025,STARCEMENT,MATCH,Common
17-07-2026,RESPONIND,DIFF,Only in File2 (1707)
17-07-2026,NILKAMAL,DIFF,Common
17-08-2020,ASHAPURMIN,MATCH,Common
17-08-2020,BUTTERFLY,MATCH,Common
17-08-2020,GNFC,MATCH,Common
17-08-2020,GODREJIND,MATCH,Common
17-08-2020,MUNJALAU,MATCH,Common
17-08-2020,NELCAST,MATCH,Common
17-08-2020,RENUKA,MATCH,Common
17-08-2020,SKIPPER,MATCH,Common
17-08-2020,STLTECH,MATCH,Common
17-08-2020,VINDHYATEL,MATCH,Common
17-08-2021,ASTERDM,MATCH,Common
17-08-2021,VSTTILLERS,MATCH,Common
17-08-2023,ASIANTILES,MATCH,Common
17-08-2023,JUBLINGREA,MATCH,Common
17-08-2023,RIIL,MATCH,Common
17-08-2023,SHREEPUSHK,MATCH,Common
17-09-2020,DCW,MATCH,Common
17-09-2021,ITDC,MATCH,Common
17-09-2024,CLSEL,MATCH,Common
17-09-2024,RELINFRA,MATCH,Common
17-09-2024,TIINDIA,MATCH,Common
17-09-2025,BPCL,MATCH,Common
17-09-2025,INOXINDIA,MATCH,Common
17-09-2025,IRMENERGY,MATCH,Common
17-09-2025,V2RETAIL,MATCH,Common
17-10-2019,CDSL,MATCH,Common
17-10-2019,NAVINFLUOR,MATCH,Common
17-10-2019,VGUARD,MATCH,Common
17-10-2022,BHARATFORG,MATCH,Common
17-10-2022,CANBK,MATCH,Common
17-10-2022,MAHABANK,MATCH,Common
17-10-2022,PNB,MATCH,Common
17-10-2022,SHALBY,MATCH,Common
17-10-2022,VIMTALABS,MATCH,Common
17-10-2022,WEL,MATCH,Common
17-10-2025,BHARTIHEXA,MATCH,Common
17-10-2025,HAPPYFORGE,MATCH,Common
17-10-2025,KICL,MATCH,Common
17-10-2025,SBFC,MATCH,Common
17-11-2020,ASHIANA,MATCH,Common
17-11-2020,AYMSYNTEX,MATCH,Common
17-11-2020,BATAINDIA,MATCH,Common
17-11-2020,BHARATWIRE,MATCH,Common
17-11-2020,CEMPRO,MATCH,Common
17-11-2020,CREDITACC,MATCH,Common
17-11-2020,HINDCOPPER,MATCH,Common
17-11-2020,KNRCON,MATCH,Common
17-11-2020,MGL,MATCH,Common
17-11-2020,NSIL,MATCH,Common
17-11-2020,WOCKPHARMA,MATCH,Common
17-11-2021,ARROWGREEN,MATCH,Common
17-11-2021,NRBBEARING,MATCH,Common
17-11-2022,BALMLAWRIE,MATCH,Common
17-11-2022,HONAUT,MATCH,Common
17-11-2022,PFIZER,MATCH,Common
17-11-2022,PFS,MATCH,Common
17-11-2022,TECHNOE,MATCH,Common
17-11-2023,BAJAJHLDNG,MATCH,Common
17-11-2023,FIEMIND,MATCH,Common
17-11-2023,IRCTC,MATCH,Common
17-11-2023,RELINFRA,MATCH,Common
17-12-2018,GLAXO,MATCH,Common
17-12-2018,GRINDWELL,MATCH,Common
17-12-2018,VSTIND,MATCH,Common
17-12-2019,INDOCO,MATCH,Common
17-12-2020,NAVA,MATCH,Common
17-12-2020,SIRCA,MATCH,Common
17-12-2025,APLAPOLLO,MATCH,Common
18-02-2019,TATACOMM,MATCH,Common
18-02-2019,TRIVENI,MATCH,Common
18-02-2020,CEATLTD,MATCH,Common
18-02-2021,DBCORP,MATCH,Common
18-02-2021,NIACL,MATCH,Common
18-02-2021,NTPC,MATCH,Common
18-02-2021,RAJESHEXPO,MATCH,Common
18-02-2026,NAM-INDIA,MATCH,Common
18-02-2026,PETRONET,MATCH,Common
18-02-2026,POLYCAB,MATCH,Common
18-03-2019,BBOX,MATCH,Common
18-03-2019,CENTUM,MATCH,Common
18-03-2019,GODREJPROP,MATCH,Common
18-03-2019,MAHSCOOTER,MATCH,Common
18-03-2019,UNIONBANK,MATCH,Common
18-03-2024,FINPIPE,MATCH,Common
18-03-2024,ZENSARTECH,MATCH,Common
18-03-2025,BLUESTARCO,MATCH,Common
18-03-2025,INDHOTEL,MATCH,Common
18-03-2025,JKCEMENT,MATCH,Common
18-03-2025,MPSLTD,MATCH,Common
18-03-2025,TARIL,MATCH,Common
18-03-2025,WOCKPHARMA,MATCH,Common
18-04-2019,5PAISA,MATCH,Common
18-04-2022,ELGIEQUIP,MATCH,Common
18-04-2022,NLCINDIA,MATCH,Common
18-04-2023,ARE&M,MATCH,Common
18-04-2023,ENGINERSIN,MATCH,Common
18-04-2024,NGLFINE,MATCH,Common
18-04-2024,SOLARA,MATCH,Common
18-05-2020,ZFCVINDIA,MATCH,Common
18-05-2021,CAPACITE,MATCH,Common
18-05-2021,INDHOTEL,MATCH,Common
18-05-2021,JAICORPLTD,MATCH,Common
18-05-2021,M&M,MATCH,Common
18-05-2021,ORIENTHOT,MATCH,Common
18-05-2021,PGIL,MATCH,Common
18-05-2021,SCHNEIDER,MATCH,Common
18-05-2021,THOMASCOOK,MATCH,Common
18-05-2021,TVSSRICHAK,MATCH,Common
18-05-2021,VARROC,MATCH,Common
18-05-2022,HEROMOTOCO,MATCH,Common
18-05-2023,AJMERA,MATCH,Common
18-05-2023,ECLERX,MATCH,Common
18-05-2023,STYRENIX,MATCH,Common
18-05-2026,NIBE,MATCH,Common
18-06-2020,CANTABIL,MATCH,Common
18-06-2020,INDRAMEDCO,MATCH,Common
18-06-2020,SPIC,MATCH,Common
18-06-2024,APOLLOTYRE,MATCH,Common
18-06-2024,HIKAL,MATCH,Common
18-06-2024,KPITTECH,MATCH,Common
18-06-2024,RATNAVEER,MATCH,Common
18-06-2024,RTNINDIA,MATCH,Common
18-06-2025,DMART,MATCH,Common
18-06-2025,GRAPHITE,MATCH,Common
18-06-2025,NRBBEARING,MATCH,Common
18-06-2026,ARROWGREEN,MATCH,Common
18-06-2026,GANDHAR,MATCH,Common
18-06-2026,GPTINFRA,MATCH,Common
18-06-2026,MACPOWER,MATCH,Common
18-06-2026,NITCO,MATCH,Common
18-06-2026,PGIL,MATCH,Common
18-06-2026,SPAL,MATCH,Common
18-07-2022,ARTEMISMED,MATCH,Common
18-07-2022,BANKBARODA,MATCH,Common
18-07-2022,KARURVYSYA,MATCH,Common
18-07-2022,OMAXE,MATCH,Common
18-07-2022,SESHAPAPER,MATCH,Common
18-07-2022,SMLMAH,MATCH,Common
18-07-2023,RELINFRA,MATCH,Common
18-07-2024,TCI,MATCH,Common
18-07-2025,VIMTALABS,MATCH,Common
18-08-2020,JISLJALEQS,MATCH,Common
18-08-2020,NEWGEN,MATCH,Common
18-08-2022,DCBBANK,MATCH,Common
18-08-2022,GANDHITUBE,MATCH,Common
18-08-2022,JPOLYINVST,MATCH,Common
18-08-2023,GEOJITFSL,MATCH,Common
18-08-2023,LEMONTREE,MATCH,Common
18-08-2023,SALASAR,MATCH,Common
18-08-2023,SHRIRAMPPS,MATCH,Common
18-08-2023,UNITECH,MATCH,Common
18-08-2025,BGRENERGY,MATCH,Common
18-08-2025,BIKAJI,MATCH,Common
18-08-2025,ESCORTS,MATCH,Common
18-08-2025,IZMO,MATCH,Common
18-08-2025,JAMNAAUTO,MATCH,Common
18-08-2025,LEMONTREE,MATCH,Common
18-08-2025,SHREDIGCEM,MATCH,Common
18-08-2025,ZFCVINDIA,MATCH,Common
18-09-2019,MANAPPURAM,MATCH,Common
18-09-2019,PVRINOX,MATCH,Common
18-09-2020,AIAENG,MATCH,Common
18-09-2020,PCBL,MATCH,Common
18-09-2024,NESTLEIND,MATCH,Common
18-09-2025,DCAL,MATCH,Common
18-09-2025,HERITGFOOD,MATCH,Common
18-09-2025,MUTHOOTMF,MATCH,Common
18-09-2025,PRSMJOHNSN,MATCH,Common
18-10-2019,ACCELYA,MATCH,Common
18-10-2019,LINDEINDIA,MATCH,Common
18-10-2021,RVNL,MATCH,Common
18-10-2022,GOKULAGRO,MATCH,Common
18-10-2022,J&KBANK,MATCH,Common
18-10-2022,POLYCAB,MATCH,Common
18-10-2023,HEALTHX,MATCH,Common
18-11-2019,CHALET,MATCH,Common
18-11-2020,BEML,MATCH,Common
18-11-2020,DREDGECORP,MATCH,Common
18-11-2020,GPTINFRA,MATCH,Common
18-11-2020,GRAPHITE,MATCH,Common
18-11-2020,GRAVITA,MATCH,Common
18-11-2020,GRINDWELL,MATCH,Common
18-11-2020,GUJENERGY,MATCH,Common
18-11-2020,IGARASHI,MATCH,Common
18-11-2020,JAYNECOIND,MATCH,Common
18-11-2020,PRAJIND,MATCH,Common
18-11-2020,TVSHLTD,MATCH,Common
18-11-2020,VARROC,MATCH,Common
18-11-2022,INDOCO,MATCH,Common
18-11-2022,KSL,MATCH,Common
18-11-2022,RALLIS,MATCH,Common
18-11-2024,IBULLSLTD,MATCH,Common
18-11-2024,IZMO,MATCH,Common
18-11-2024,JPOLYINVST,MATCH,Common
18-11-2025,TBOTEK,MATCH,Common
18-12-2018,SCHAEFFLER,MATCH,Common
18-12-2019,PIDILITIND,MATCH,Common
18-12-2023,DCMSHRIRAM,MATCH,Common
18-12-2023,FINEORG,MATCH,Common
18-12-2023,PRINCEPIPE,MATCH,Common
18-12-2023,SHRIPISTON,MATCH,Common
18-12-2023,SIRCA,MATCH,Common
18-12-2024,DRREDDY,MATCH,Common
19-01-2022,DCMSHRIRAM,MATCH,Common
19-01-2023,BHARATWIRE,MATCH,Common
19-01-2023,PERSISTENT,MATCH,Common
19-01-2024,SIS,MATCH,Common
19-01-2024,USHAMART,MATCH,Common
19-02-2019,TFCILTD,MATCH,Common
19-02-2021,SATIN,MATCH,Common
19-02-2024,AVTNPL,MATCH,Common
19-02-2024,ICRA,MATCH,Common
19-02-2024,INDIANHUME,MATCH,Common
19-02-2024,MOL,MATCH,Common
19-02-2025,COHANCE,MATCH,Common
19-02-2025,TAJGVK,MATCH,Common
19-02-2026,NITINSPIN,MATCH,Common
19-03-2019,ALKYLAMINE,MATCH,Common
19-03-2019,CUB,MATCH,Common
19-03-2019,DRREDDY,MATCH,Common
19-03-2019,IGL,MATCH,Common
19-03-2021,HINDUNILVR,MATCH,Common
19-03-2021,ICRA,MATCH,Common
19-03-2024,CARBORUNIV,MATCH,Common
19-03-2024,CGPOWER,MATCH,Common
19-03-2024,KPRMILL,MATCH,Common
19-03-2025,MAHSCOOTER,MATCH,Common
19-03-2025,SHREECEM,MATCH,Common
19-03-2025,SUPRIYA,MATCH,Common
19-04-2022,GPTINFRA,MATCH,Common
19-04-2023,BAJAJHIND,MATCH,Common
19-04-2023,BPCL,MATCH,Common
19-04-2023,HINDPETRO,MATCH,Common
19-04-2024,KSCL,MATCH,Common
19-04-2024,VESUVIUS,MATCH,Common
19-05-2021,LAOPALA,MATCH,Common
19-05-2021,NELCAST,MATCH,Common
19-05-2021,PRECAM,MATCH,Common
19-05-2021,UNIVCABLES,MATCH,Common
19-05-2023,JPOLYINVST,MATCH,Common
19-05-2025,STAR,MATCH,Common
19-05-2026,DREDGECORP,MATCH,Common
19-05-2026,MUFIN,MATCH,Common
19-06-2020,5PAISA,MATCH,Common
19-06-2020,BASF,MATCH,Common
19-06-2020,DIACABS,MATCH,Common
19-06-2023,ARE&M,MATCH,Common
19-06-2023,IMPAL,MATCH,Common
19-06-2023,MMFL,MATCH,Common
19-06-2023,TECHM,MATCH,Common
19-06-2023,VIYASH,MATCH,Common
19-06-2024,OMAXE,MATCH,Common
19-06-2024,RPGLIFE,MATCH,Common
19-06-2025,M&M,MATCH,Common
19-06-2025,WAAREEINDO,MATCH,Common
19-06-2026,JTLIND,MATCH,Common
19-06-2026,NACLIND,MATCH,Common
19-06-2026,TIIL,MATCH,Common
19-07-2022,HONDAPOWER,MATCH,Common
19-07-2022,INDUSINDBK,MATCH,Common
19-07-2022,NAVNETEDUL,MATCH,Common
19-07-2022,PCBL,MATCH,Common
19-07-2023,E2E,DIFF,Only in File1 (2207)
19-07-2023,GRASIM,DIFF,Common
19-07-2023,PARACABLES,DIFF,Common
19-07-2023,SBIN,DIFF,Common
19-08-2019,MOLDTKPAC,MATCH,Common
19-08-2019,STYRENIX,MATCH,Common
19-08-2020,MAHABANK,MATCH,Common
19-08-2020,SUNDARMFIN,MATCH,Common
19-08-2020,SUNFLAG,MATCH,Common
19-08-2024,AARTIDRUGS,MATCH,Common
19-08-2024,DYNAMATECH,MATCH,Common
19-08-2024,ECLERX,MATCH,Common
19-08-2025,GANDHITUBE,MATCH,Common
19-08-2025,GOKULAGRO,MATCH,Common
19-08-2025,KIOCL,MATCH,Common
19-09-2024,KPRMILL,MATCH,Common
19-09-2025,DIACABS,MATCH,Common
19-09-2025,MOTILALOFS,MATCH,Common
19-09-2025,SUPRAJIT,MATCH,Common
19-10-2020,JKTYRE,MATCH,Common
19-10-2020,KOTAKBANK,MATCH,Common
19-10-2020,PIDILITIND,MATCH,Common
19-10-2020,TTML,MATCH,Common
19-10-2022,HITECH,MATCH,Common
19-10-2022,KICL,MATCH,Common
19-10-2022,MCX,MATCH,Common
19-10-2022,PNBHOUSING,MATCH,Common
19-10-2023,ROTO,MATCH,Common
19-11-2018,FILATEX,MATCH,Common
19-11-2019,ABFRL,MATCH,Common
19-11-2020,BEL,MATCH,Common
19-11-2020,GANESHHOU,MATCH,Common
19-11-2020,GIPCL,MATCH,Common
19-11-2020,HCG,MATCH,Common
19-11-2020,SCHAEFFLER,MATCH,Common
19-11-2024,JYOTICNC,MATCH,Common
19-11-2025,360ONE,MATCH,Common
19-12-2022,JBMA,MATCH,Common
19-12-2022,USHAMART,MATCH,Common
19-12-2023,HINDUNILVR,MATCH,Common
19-12-2023,MANALIPETC,MATCH,Common
19-12-2025,DIAMONDYD,MATCH,Common
20-01-2020,IIFL,MATCH,Common
20-01-2020,JAYBARMARU,MATCH,Common
20-01-2021,SHRIPISTON,MATCH,Common
20-01-2024,RAIN,MATCH,Common
20-01-2025,GRMOVER,MATCH,Common
20-01-2025,KOTAKBANK,MATCH,Common
20-01-2025,UBL,MATCH,Common
20-02-2019,JBCHEPHARM,MATCH,Common
20-02-2023,POLYMED,MATCH,Common
20-02-2024,SAPPHIRE,MATCH,Common
20-02-2024,SUNDROP,MATCH,Common
20-02-2026,DEEDEV,MATCH,Common
20-02-2026,PETRONET,MATCH,Common
20-02-2026,POLYCAB,MATCH,Common
20-03-2019,BBOX,MATCH,Common
20-03-2019,THOMASCOOK,MATCH,Common
20-03-2024,EICHERMOT,MATCH,Common
20-03-2025,BHARTIARTL,MATCH,Common
20-03-2026,DALMIASUG,MATCH,Common
20-04-2021,GUFICBIO,MATCH,Common
20-04-2021,ICICIPRULI,MATCH,Common
20-04-2021,LINCOLN,MATCH,Common
20-04-2021,LUPIN,MATCH,Common
20-04-2021,MARKSANS,MATCH,Common
20-04-2021,RPGLIFE,MATCH,Common
20-04-2021,WOCKPHARMA,MATCH,Common
20-04-2022,SUMEETINDS,MATCH,Common
20-04-2023,FDC,MATCH,Common
20-04-2023,HBLENGINE,MATCH,Common
20-04-2023,MAZDOCK,MATCH,Common
20-04-2026,AYMSYNTEX,MATCH,Common
20-04-2026,BALRAMCHIN,MATCH,Common
20-04-2026,NOVARTIND,MATCH,Common
20-05-2019,ABREL,MATCH,Common
20-05-2019,ADANIENSOL,MATCH,Common
20-05-2019,ADFFOODS,MATCH,Common
20-05-2019,ADVENZYMES,MATCH,Common
20-05-2019,ANDHRSUGAR,MATCH,Common
20-05-2019,BANKBARODA,MATCH,Common
20-05-2019,BEML,MATCH,Common
20-05-2019,BRIGADE,MATCH,Common
20-05-2019,DLINKINDIA,MATCH,Common
20-05-2019,EDELWEISS,MATCH,Common
20-05-2019,GANDHITUBE,MATCH,Common
20-05-2019,GHCL,MATCH,Common
20-05-2019,GOKEX,MATCH,Common
20-05-2019,INSECTICID,MATCH,Common
20-05-2019,INTELLECT,MATCH,Common
20-05-2019,IOLCP,MATCH,Common
20-05-2019,KEC,MATCH,Common
20-05-2019,MAHLIFE,MATCH,Common
20-05-2019,MOTILALOFS,MATCH,Common
20-05-2019,PGHH,MATCH,Common
20-05-2019,PNCINFRA,MATCH,Common
20-05-2019,RATNAMANI,MATCH,Common
20-05-2019,RITES,MATCH,Common
20-05-2019,SOBHA,MATCH,Common
20-05-2019,SOLARINDS,MATCH,Common
20-05-2019,TDPOWERSYS,MATCH,Common
20-05-2019,TEXRAIL,MATCH,Common
20-05-2020,RELAXO,MATCH,Common
20-05-2021,ASIANHOTNR,MATCH,Common
20-05-2021,EMBDL,MATCH,Common
20-05-2021,JTEKTINDIA,MATCH,Common
20-05-2021,PCJEWELLER,MATCH,Common
20-05-2021,PNB,MATCH,Common
20-05-2021,RVNL,MATCH,Common
20-05-2021,TITAGARH,MATCH,Common
20-05-2022,HEROMOTOCO,MATCH,Common
20-05-2022,SMCGLOBAL,MATCH,Common
20-05-2026,FAZE3Q,MATCH,Common
20-05-2026,IGIL,MATCH,Common
20-05-2026,JAYBARMARU,MATCH,Common
20-05-2026,KDDL,MATCH,Common
20-05-2026,SANDHAR,MATCH,Common
20-05-2026,WANBURY,MATCH,Common
20-06-2019,VOLTAS,MATCH,Common
20-06-2023,63MOONS,MATCH,Common
20-06-2023,DCAL,MATCH,Common
20-06-2023,IMFA,MATCH,Common
20-06-2023,RGL,MATCH,Common
20-06-2024,HIKAL,MATCH,Common
20-06-2024,INDIACEM,MATCH,Common
20-06-2024,JLHL,MATCH,Common
20-06-2024,MAPMYINDIA,MATCH,Common
20-06-2024,PIIND,MATCH,Common
20-06-2024,PNBGILTS,MATCH,Common
20-07-2020,ADFFOODS,MATCH,Common
20-07-2020,ATUL,MATCH,Common
20-07-2022,AEGISLOG,MATCH,Common
20-07-2022,KARURVYSYA,MATCH,Common
20-07-2022,SATIN,MATCH,Common
20-07-2023,DEN,MATCH,Common
20-07-2023,INDOSTAR,MATCH,Common
20-07-2023,IRFC,MATCH,Common
20-07-2023,MCX,MATCH,Common
20-07-2026,JKPAPER,MISSING_IN_FILE2,Only in File1 (2207)
20-08-2020,ASHAPURMIN,MATCH,Common
20-08-2020,ATGL,MATCH,Common
20-08-2020,CROMPTON,MATCH,Common
20-08-2020,EXCELINDUS,MATCH,Common
20-08-2020,GMRAIRPORT,MATCH,Common
20-08-2024,BAJAJFINSV,MATCH,Common
20-08-2024,BLS,MATCH,Common
20-08-2024,INDOTHAI,MATCH,Common
20-08-2024,KRSNAA,MATCH,Common
20-08-2024,LINCOLN,MATCH,Common
20-08-2024,MANYAVAR,MATCH,Common
20-08-2024,RADICO,MATCH,Common
20-08-2024,RAJRILTD,MATCH,Common
20-08-2024,SEPC,MATCH,Common
20-08-2024,SHRIRAMPPS,MATCH,Common
20-08-2025,LEMONTREE,MATCH,Common
20-09-2019,ADANIPORTS,MATCH,Common
20-09-2019,ALLDIGI,MATCH,Common
20-09-2019,AMBER,MATCH,Common
20-09-2019,BAJAJFINSV,MATCH,Common
20-09-2019,BLUESTARCO,MATCH,Common
20-09-2019,CHOLAFIN,MATCH,Common
20-09-2019,CUB,MATCH,Common
20-09-2019,ELGIEQUIP,MATCH,Common
20-09-2019,ESABINDIA,MATCH,Common
20-09-2019,HDFCBANK,MATCH,Common
20-09-2019,HINDPETRO,MATCH,Common
20-09-2019,INDHOTEL,MATCH,Common
20-09-2019,INGERRAND,MATCH,Common
20-09-2019,JSWDULUX,MATCH,Common
20-09-2019,KOTAKBANK,MATCH,Common
20-09-2019,MANAPPURAM,MATCH,Common
20-09-2019,MASFIN,MATCH,Common
20-09-2019,PVRINOX,MATCH,Common
20-09-2019,RELIGARE,MATCH,Common
20-09-2019,SKFINDIA,MATCH,Common
20-09-2019,TASTYBITE,MATCH,Common
20-09-2019,THERMAX,MATCH,Common
20-09-2021,EIHAHOTELS,MATCH,Common
20-09-2021,GNFC,MATCH,Common
20-09-2021,PVRINOX,MATCH,Common
20-09-2021,TAJGVK,MATCH,Common
20-09-2022,JMFINANCIL,MATCH,Common
20-09-2022,KIMS,MATCH,Common
20-09-2022,RENUKA,MATCH,Common
20-09-2022,SUNPHARMA,MATCH,Common
20-09-2024,TIINDIA,MATCH,Common
20-10-2020,PRECOT,DIFF,Only in File1 (2207)
20-10-2020,GODREJPROP,DIFF,Common
20-10-2020,GOLDIAM,DIFF,Common
20-10-2020,KINGFA,DIFF,Common
20-10-2020,PNCINFRA,DIFF,Common
20-10-2020,SOBHA,DIFF,Common
20-10-2020,WELENT,DIFF,Common
20-10-2022,HPL,MATCH,Common
20-10-2025,APOLLOTYRE,MATCH,Common
20-10-2025,CELLO,MATCH,Common
20-10-2025,DCBBANK,MATCH,Common
20-10-2025,GMMPFAUDLR,MATCH,Common
20-10-2025,GMRAIRPORT,MATCH,Common
20-10-2025,PVRINOX,MATCH,Common
20-10-2025,UNIONBANK,MATCH,Common
20-10-2025,VHL,MATCH,Common
20-11-2019,ABCAPITAL,MATCH,Common
20-11-2019,DRREDDY,MATCH,Common
20-11-2020,BASF,MATCH,Common
20-11-2020,CREDITACC,MATCH,Common
20-11-2020,ICICIGI,MATCH,Common
20-11-2020,INDNIPPON,MATCH,Common
20-11-2020,PRAJIND,MATCH,Common
20-11-2023,BALRAMCHIN,MATCH,Common
20-11-2023,DIAMONDYD,MATCH,Common
20-11-2023,GODREJAGRO,MATCH,Common
20-11-2023,GOKULAGRO,MATCH,Common
20-11-2023,INDIAGLYCO,MATCH,Common
20-11-2023,LATENTVIEW,MATCH,Common
20-11-2023,MAITHANALL,MATCH,Common
20-11-2023,NAHARSPING,MATCH,Common
20-11-2023,RICOAUTO,MATCH,Common
20-11-2023,SIS,MATCH,Common
20-11-2025,TBOTEK,MATCH,Common
20-12-2018,SCHAEFFLER,MATCH,Common
20-12-2019,JSL,MATCH,Common
21-01-2020,CANFINHOME,MATCH,Common
21-01-2025,SWANDEF,MATCH,Common
21-01-2026,NORTHARC,MATCH,Common
21-02-2024,MARATHON,MATCH,Common
21-02-2024,SURYODAY,MATCH,Common
21-03-2022,ANTELOPUS,MATCH,Common
21-03-2022,HCG,MATCH,Common
21-03-2022,HESTERBIO,MATCH,Common
21-03-2022,KSB,MATCH,Common
21-03-2023,BHARATWIRE,MATCH,Common
21-03-2023,MANAPPURAM,MATCH,Common
21-03-2023,SBCL,MATCH,Common
21-03-2024,FINPIPE,MATCH,Common
21-03-2024,GRINFRA,MATCH,Common
21-03-2024,JAMNAAUTO,MATCH,Common
21-03-2024,KPRMILL,MATCH,Common
21-03-2024,MUTHOOTFIN,MATCH,Common
21-03-2024,ZENSARTECH,MATCH,Common
21-03-2025,ANUP,MATCH,Common
21-03-2025,SUPRIYA,MATCH,Common
21-04-2020,LAURUSLABS,MATCH,Common
21-04-2022,HBLENGINE,MATCH,Common
21-04-2022,HONDAPOWER,MATCH,Common
21-04-2023,MAHSCOOTER,MATCH,Common
21-04-2023,WENDT,MATCH,Common
21-04-2025,DIVISLAB,MATCH,Common
21-04-2026,DYNAMATECH,MATCH,Common
21-04-2026,SILVERTUC,MATCH,Common
21-05-2019,HDFCLIFE,MATCH,Common
21-05-2020,INDOTHAI,MATCH,Common
21-05-2020,SHILPAMED,MATCH,Common
21-05-2021,BANKBARODA,MATCH,Common
21-05-2021,BPCL,MATCH,Common
21-05-2021,CENTRALBK,MATCH,Common
21-05-2021,HDFCBANK,MATCH,Common
21-05-2021,SCHNEIDER,MATCH,Common
21-05-2021,VARROC,MATCH,Common
21-05-2025,CARYSIL,MATCH,Common
21-05-2025,ERIS,MATCH,Common
21-05-2026,ATGL,MATCH,Common
21-05-2026,AVANTEL,MATCH,Common
21-05-2026,MINDACORP,MATCH,Common
21-05-2026,SAMMAANCAP,MATCH,Common
21-05-2026,TIINDIA,MATCH,Common
21-06-2019,PFIZER,MATCH,Common
21-06-2022,ASAHIINDIA,MATCH,Common
21-06-2022,ASHOKLEY,MATCH,Common
21-06-2023,IMPAL,MATCH,Common
21-06-2023,VADILALIND,MATCH,Common
21-06-2023,VGUARD,MATCH,Common
21-06-2024,ADFFOODS,MATCH,Common
21-06-2024,NAVKARCORP,MATCH,Common
21-06-2024,POCL,MATCH,Common
21-06-2024,STEELXIND,MATCH,Common
21-07-2020,AMBUJACEM,MATCH,Common
21-07-2020,HIKAL,MATCH,Common
21-07-2022,COLPAL,MATCH,Common
21-07-2022,HONDAPOWER,MATCH,Common
21-07-2022,MMFL,MATCH,Common
21-07-2022,VESUVIUS,MATCH,Common
21-07-2023,COROMANDEL,MATCH,Common
21-07-2023,IDEA,MATCH,Common
21-07-2023,INDOBORAX,MATCH,Common
21-07-2023,OIL,MATCH,Common
21-07-2025,ETERNAL,MATCH,Common
21-07-2025,SHANTIGEAR,MATCH,Common
21-07-2026,LOTUSDEV,MISSING_IN_FILE2,Only in File1 (2207)
21-07-2026,SANATHAN,MISSING_IN_FILE2,Only in File1 (2207)
21-08-2020,MANALIPETC,MATCH,Common
21-08-2020,NELCAST,MATCH,Common
21-08-2020,RENUKA,MATCH,Common
21-08-2023,EVEREADY,MATCH,Common
21-08-2023,KNRCON,MATCH,Common
21-08-2023,NITINSPIN,MATCH,Common
21-08-2023,PERSISTENT,MATCH,Common
21-08-2023,TRIDENT,MATCH,Common
21-08-2023,TRIVENI,MATCH,Common
21-08-2024,AEROFLEX,MATCH,Common
21-08-2024,GSPL,MATCH,Common
21-08-2024,HCG,MATCH,Common
21-08-2024,MONTECARLO,MATCH,Common
21-08-2024,NIITLTD,MATCH,Common
21-08-2024,PNBHOUSING,MATCH,Common
21-08-2024,PRECAM,MATCH,Common
21-08-2025,IZMO,MATCH,Common
21-08-2025,NAVNETEDUL,MATCH,Common
21-09-2021,SCI,MATCH,Common
21-09-2022,ARVINDFASN,MATCH,Common
21-09-2022,JTLIND,MATCH,Common
21-09-2022,KPITTECH,MATCH,Common
21-09-2022,MARICO,MATCH,Common
21-09-2022,VGUARD,MATCH,Common
21-10-2020,APOLLOTYRE,MATCH,Common
21-10-2020,CERA,MATCH,Common
21-10-2020,JKTYRE,MATCH,Common
21-10-2020,JSWHL,MATCH,Common
21-10-2020,PILANIINVS,MATCH,Common
21-10-2022,POLYCAB,MATCH,Common
21-10-2022,SCI,MATCH,Common
21-10-2024,CRISIL,MATCH,Common
21-10-2024,DYCL,MATCH,Common
21-10-2025,FCL,MATCH,Common
21-10-2025,KAPSTON,MATCH,Common
21-10-2025,VAIBHAVGBL,MATCH,Common
21-11-2019,CHALET,MATCH,Common
21-11-2022,EASEMYTRIP,MATCH,Common
21-11-2022,KPIGREEN,MATCH,Common
21-11-2022,SHRIRAMFIN,MATCH,Common
21-11-2022,SKIPPER,MATCH,Common
21-11-2023,AEROENTER,MATCH,Common
21-11-2023,AFFLE,MATCH,Common
21-11-2023,ARE&M,MATCH,Common
21-11-2023,ASHOKLEY,MATCH,Common
21-11-2023,ENGINERSIN,MATCH,Common
21-11-2023,JSWSTEEL,MATCH,Common
21-11-2023,ORCHPHARMA,MATCH,Common
21-11-2023,RALLIS,MATCH,Common
21-11-2023,RHIM,MATCH,Common
21-11-2025,KTKBANK,MATCH,Common
21-12-2021,AUTOAXLES,MATCH,Common
21-12-2021,GLAND,MATCH,Common
21-12-2021,GODREJIND,MATCH,Common
21-12-2021,HIRECT,MATCH,Common
21-12-2023,CROMPTON,MATCH,Common
22-01-2019,INDIGO,MATCH,Common
22-01-2020,STAR,MATCH,Common
22-01-2025,MPSLTD,MATCH,Common
22-02-2019,PFIZER,MATCH,Common
22-02-2019,PGHH,MATCH,Common
22-02-2021,RPOWER,MATCH,Common
22-02-2023,GPPL,MATCH,Common
22-02-2024,SUNDROP,MATCH,Common
22-02-2024,SUPRAJIT,MATCH,Common
22-03-2019,LALPATHLAB,MATCH,Common
22-03-2019,TEAMLEASE,MATCH,Common
22-03-2021,DOLATALGO,MATCH,Common
22-03-2021,SAKAR,MATCH,Common
22-03-2022,COHANCE,MATCH,Common
22-03-2023,IZMO,MATCH,Common
22-03-2023,WABAG,MATCH,Common
22-03-2024,DEEPINDS,MATCH,Common
22-03-2024,SHANTIGEAR,MATCH,Common
22-04-2019,SYNGENE,MATCH,Common
22-04-2020,MUTHOOTFIN,MATCH,Common
22-04-2020,PIIND,MATCH,Common
22-04-2021,AVADHSUGAR,MATCH,Common
22-04-2021,CONTROLPR,MATCH,Common
22-04-2021,TTKHLTCARE,MATCH,Common
22-04-2022,BOMDYEING,MATCH,Common
22-04-2022,ELGIEQUIP,MATCH,Common
22-04-2024,ABFRL,MATCH,Common
22-04-2024,ADVENZYMES,MATCH,Common
22-04-2024,AMRUTANJAN,MATCH,Common
22-04-2024,GANDHITUBE,MATCH,Common
22-04-2024,GSFC,MATCH,Common
22-04-2024,ITI,MATCH,Common
22-04-2024,LLOYDSENGG,MATCH,Common
22-04-2024,MANAKCOAT,MATCH,Common
22-04-2024,NFL,MATCH,Common
22-04-2024,SUMMITSEC,MATCH,Common
22-04-2024,SWARAJENG,MATCH,Common
22-04-2024,UTIAMC,MATCH,Common
22-04-2024,VINDHYATEL,MATCH,Common
22-04-2026,GRWRHITECH,MATCH,Common
22-04-2026,IRMENERGY,MATCH,Common
22-04-2026,MARICO,MATCH,Common
22-04-2026,MASFIN,MATCH,Common
22-04-2026,TRIVENI,MATCH,Common
22-05-2019,BPCL,MATCH,Common
22-05-2019,GHCL,MATCH,Common
22-05-2019,GOKEX,MATCH,Common
22-05-2019,RATNAMANI,MATCH,Common
22-05-2023,HCLTECH,MATCH,Common
22-05-2023,MUTHOOTFIN,MATCH,Common
22-05-2023,NACLIND,MATCH,Common
22-05-2023,SUZLON,MATCH,Common
22-05-2025,MBAPL,MATCH,Common
22-05-2026,CGCL,MATCH,Common
22-05-2026,GOCLCORP,MATCH,Common
22-06-2020,STYRENIX,MATCH,Common
22-06-2020,XPROINDIA,MATCH,Common
22-06-2021,ZOTA,MATCH,Common
22-06-2023,AWHCL,MATCH,Common
22-06-2023,MMFL,MATCH,Common
22-06-2026,DRREDDY,MATCH,Common
22-06-2026,MANGLMCEM,MATCH,Common
22-06-2026,NH,MATCH,Common
22-06-2026,RAMCOIND,MATCH,Common
22-07-2019,ASIANPAINT,MATCH,Common
22-07-2020,ATUL,MATCH,Common
22-07-2020,HINDZINC,MATCH,Common
22-07-2020,INDIAMART,MATCH,Common
22-07-2021,BDL,MATCH,Common
22-07-2021,MAHASTEEL,MATCH,Common
22-07-2021,MAHSCOOTER,MATCH,Common
22-07-2022,FOSECOIND,MATCH,Common
22-07-2022,MOLDTKPAC,MATCH,Common
22-07-2022,UNIVCABLES,MATCH,Common
22-07-2024,APEX,MATCH,Common
22-07-2024,IGARASHI,MATCH,Common
22-07-2025,INDIACEM,MATCH,Common
22-08-2022,TEJASNET,MATCH,Common
22-08-2022,TEXRAIL,MATCH,Common
22-08-2023,DOLPHIN,MATCH,Common
22-08-2023,FEDERALBNK,MATCH,Common
22-08-2023,NIACL,MATCH,Common
22-08-2023,TTML,MATCH,Common
22-08-2024,CENTURYPLY,MATCH,Common
22-08-2024,LXCHEM,MATCH,Common
22-09-2021,ASTRAMICRO,MATCH,Common
22-09-2021,CHALET,MATCH,Common
22-09-2021,EIHAHOTELS,MATCH,Common
22-09-2021,EIHOTEL,MATCH,Common
22-09-2021,KRBL,MATCH,Common
22-09-2021,V2RETAIL,MATCH,Common
22-09-2022,GRANULES,MATCH,Common
22-09-2022,JMFINANCIL,MATCH,Common
22-09-2025,SAKAR,MATCH,Common
22-10-2019,AUBANK,MATCH,Common
22-10-2019,BDL,MATCH,Common
22-10-2019,GRANULES,MATCH,Common
22-10-2019,NH,MATCH,Common
22-10-2020,ADANIPORTS,MATCH,Common
22-10-2020,COCHINSHIP,MATCH,Common
22-10-2020,KCP,MATCH,Common
22-10-2020,RPOWER,MATCH,Common
22-11-2018,LUMAXTECH,MATCH,Common
22-11-2019,ABFRL,MATCH,Common
22-11-2022,NFL,MATCH,Common
22-11-2023,CGPOWER,MATCH,Common
22-11-2023,DMART,MATCH,Common
22-11-2023,GENESYS,MATCH,Common
22-11-2023,JUBLFOOD,MATCH,Common
22-11-2023,KIRLOSIND,MATCH,Common
22-11-2023,LUMAXTECH,MATCH,Common
22-11-2023,THYROCARE,MATCH,Common
22-11-2023,VSSL,MATCH,Common
22-11-2024,CCL,MATCH,Common
22-11-2024,KABRAEXTRU,MATCH,Common
22-11-2024,WENDT,MATCH,Common
22-12-2021,BOMDYEING,MATCH,Common
22-12-2021,GUFICBIO,MATCH,Common
22-12-2021,KINGFA,MATCH,Common
22-12-2021,SUZLON,MATCH,Common
22-12-2023,INDSWFTLAB,MATCH,Common
22-12-2023,POCL,MATCH,Common
22-12-2023,PRINCEPIPE,MATCH,Common
22-12-2023,SOTL,MATCH,Common
22-12-2025,NMDC,MATCH,Common
23-01-2019,HATHWAY,MATCH,Common
23-01-2019,NAUKRI,MATCH,Common
23-01-2024,ELGIEQUIP,MATCH,Common
23-01-2024,LLOYDSENGG,MATCH,Common
23-01-2025,EICHERMOT,MATCH,Common
23-01-2025,ZENSARTECH,MATCH,Common
23-02-2021,DEEPAKFERT,MATCH,Common
23-02-2021,DREDGECORP,MATCH,Common
23-02-2021,GPPL,MATCH,Common
23-02-2021,JINDRILL,MATCH,Common
23-02-2021,MRPL,MATCH,Common
23-02-2023,GAIL,MATCH,Common
23-02-2024,ICRA,MATCH,Common
23-02-2026,J&KBANK,MATCH,Common
23-02-2026,RRKABEL,MATCH,Common
23-02-2026,SCHAEFFLER,MATCH,Common
23-02-2026,TIMKEN,MATCH,Common
23-03-2021,RELINFRA,MATCH,Common
23-03-2022,HCG,MATCH,Common
23-03-2022,ICRA,MATCH,Common
23-03-2022,NAVA,MATCH,Common
23-03-2023,AHLUCONT,MATCH,Common
23-03-2023,TTKHLTCARE,MATCH,Common
23-04-2020,APLLTD,MATCH,Common
23-04-2020,FDC,MATCH,Common
23-04-2021,SBILIFE,MATCH,Common
23-04-2024,ARROWGREEN,MATCH,Common
23-04-2024,BAJAJHIND,MATCH,Common
23-04-2024,BIOCON,MATCH,Common
23-04-2024,CENTENKA,MATCH,Common
23-04-2024,DEEPAKNTR,MATCH,Common
23-04-2024,GOKULAGRO,MATCH,Common
23-04-2024,IEX,MATCH,Common
23-04-2024,LUXIND,MATCH,Common
23-04-2024,NOCIL,MATCH,Common
23-04-2024,NSLNISP,MATCH,Common
23-04-2024,PRECWIRE,MATCH,Common
23-04-2026,DRREDDY,MATCH,Common
23-04-2026,SHAILY,MATCH,Common
23-05-2019,AGI,MATCH,Common
23-05-2019,BRIGADE,MATCH,Common
23-05-2019,HDFCLIFE,MATCH,Common
23-05-2019,IOLCP,MATCH,Common
23-05-2019,KEC,MATCH,Common
23-05-2019,TDPOWERSYS,MATCH,Common
23-05-2022,AIAENG,MATCH,Common
23-05-2023,DSSL,MATCH,Common
23-05-2023,SHRIRAMFIN,MATCH,Common
23-05-2025,FMGOETZE,MATCH,Common
23-05-2025,STEELCAS,MATCH,Common
23-06-2021,PFIZER,MATCH,Common
23-06-2022,ASHOKLEY,MATCH,Common
23-06-2022,EICHERMOT,MATCH,Common
23-06-2022,MARUTI,MATCH,Common
23-06-2023,63MOONS,MATCH,Common
23-06-2023,GILLETTE,MATCH,Common
23-06-2023,HARSHA,MATCH,Common
23-06-2025,GRASIM,MATCH,Common
23-06-2025,HINDALCO,MATCH,Common
23-06-2025,KIRLOSBROS,MATCH,Common
23-06-2025,SANGAMIND,MATCH,Common
23-07-2020,HIKAL,MATCH,Common
23-07-2021,INDNIPPON,MATCH,Common
23-07-2024,BORORENEW,MATCH,Common
23-07-2024,GOKEX,MATCH,Common
23-07-2024,IPCALAB,MATCH,Common
23-07-2024,RSWM,MATCH,Common
23-07-2024,TEAMLEASE,MATCH,Common
23-07-2024,YATHARTH,MATCH,Common
23-08-2019,MOLDTKPAC,MATCH,Common
23-08-2021,PFOCUS,MATCH,Common
23-08-2021,RELIANCE,MATCH,Common
23-08-2022,ANANTRAJ,MATCH,Common
23-08-2022,EXCELINDUS,MATCH,Common
23-08-2023,GODREJIND,MATCH,Common
23-08-2023,GREENPANEL,MATCH,Common
23-08-2023,VIJAYA,MATCH,Common
23-08-2024,BLS,MATCH,Common
23-08-2024,ORISSAMINE,MATCH,Common
23-09-2019,ALKYLAMINE,MATCH,Common
23-09-2019,BAJAJHLDNG,MATCH,Common
23-09-2019,MANGLMCEM,MATCH,Common
23-09-2019,PAISALO,MATCH,Common
23-09-2019,TCIEXP,MATCH,Common
23-09-2021,MARATHON,MATCH,Common
23-09-2024,BFUTILITIE,MATCH,Common
23-09-2024,GPIL,MATCH,Common
23-09-2024,JLHL,MATCH,Common
23-09-2024,SUNFLAG,MATCH,Common
23-09-2024,SURYAROSNI,MATCH,Common
23-09-2024,TATASTEEL,MATCH,Common
23-09-2025,ASKAUTOLTD,MATCH,Common
23-09-2025,RACLGEAR,MATCH,Common
23-09-2025,RANEHOLDIN,MATCH,Common
23-10-2019,CONTROLPR,MATCH,Common
23-10-2019,CUPID,MATCH,Common
23-10-2019,MPSLTD,MATCH,Common
23-10-2020,ACE,MATCH,Common
23-10-2020,ASAHIINDIA,MATCH,Common
23-10-2020,PDSL,MATCH,Common
23-10-2025,KALAMANDIR,MATCH,Common
23-10-2025,SAGILITY,MATCH,Common
23-11-2020,63MOONS,MATCH,Common
23-11-2020,AAVAS,MATCH,Common
23-11-2020,ALKEM,MATCH,Common
23-11-2020,ANTELOPUS,MATCH,Common
23-11-2020,FACT,MATCH,Common
23-11-2020,HUDCO,MATCH,Common
23-11-2020,JINDRILL,MATCH,Common
23-11-2020,ORISSAMINE,MATCH,Common
23-11-2020,SANGAMIND,MATCH,Common
23-11-2020,SPARC,MATCH,Common
23-11-2020,SUNTECK,MATCH,Common
23-11-2020,TITAGARH,MATCH,Common
23-11-2020,UNIVCABLES,MATCH,Common
23-11-2022,ADFFOODS,MATCH,Common
23-11-2022,APOLLOHOSP,MATCH,Common
23-11-2022,CLSEL,MATCH,Common
23-11-2022,EDELWEISS,MATCH,Common
23-11-2022,GMRAIRPORT,MATCH,Common
23-11-2022,WINDLAS,MATCH,Common
23-11-2023,ABFRL,MATCH,Common
23-11-2023,AEROENTER,MATCH,Common
23-11-2023,CONFIPET,MATCH,Common
23-11-2023,DEEPAKNTR,MATCH,Common
23-11-2023,EIDPARRY,MATCH,Common
23-11-2023,GARFIBRES,MATCH,Common
23-11-2023,INDIAGLYCO,MATCH,Common
23-11-2023,JSWSTEEL,MATCH,Common
23-11-2023,LICI,MATCH,Common
23-11-2023,RAMRAT,MATCH,Common
23-11-2023,TRITURBINE,MATCH,Common
23-12-2019,LINCOLN,MATCH,Common
23-12-2019,SIS,MATCH,Common
23-12-2019,THEMISMED,MATCH,Common
23-12-2020,BOSCH-HCIL,MATCH,Common
23-12-2020,INDOCO,MATCH,Common
23-12-2021,TCS,MATCH,Common
23-12-2022,USHAMART,MATCH,Common
23-12-2024,PTCIL,MATCH,Common
23-12-2025,KIRIINDUS,MATCH,Common
24-01-2019,INDIGO,MATCH,Common
24-01-2020,ASTRAMICRO,MATCH,Common
24-01-2020,JAYBARMARU,MATCH,Common
24-01-2023,ANTELOPUS,MATCH,Common
24-01-2024,ABFRL,MATCH,Common
24-01-2024,CENTUM,MATCH,Common
24-01-2024,IFBIND,MATCH,Common
24-01-2024,RELIGARE,MATCH,Common
24-02-2021,3MINDIA,MATCH,Common
24-02-2021,ABFRL,MATCH,Common
24-02-2021,BHEL,MATCH,Common
24-02-2021,COALINDIA,MATCH,Common
24-02-2021,IIFLCAPS,MATCH,Common
24-02-2021,NAVA,MATCH,Common
24-02-2021,SOUTHBANK,MATCH,Common
24-02-2025,ABBOTINDIA,MATCH,Common
24-02-2026,ADANIENSOL,MATCH,Common
24-02-2026,IPCALAB,MATCH,Common
24-02-2026,SARDAEN,MATCH,Common
24-03-2021,JPPOWER,MATCH,Common
24-03-2022,INDIAGLYCO,MATCH,Common
24-03-2022,LTTS,MATCH,Common
24-03-2022,MPHASIS,MATCH,Common
24-03-2022,NMDC,MATCH,Common
24-03-2022,TEXRAIL,MATCH,Common
24-03-2023,MUKANDLTD,MATCH,Common
24-03-2026,EMCURE,MATCH,Common
24-04-2020,ASTRAZEN,MATCH,Common
24-04-2023,ANUP,MATCH,Common
24-04-2023,CANFINHOME,MATCH,Common
24-04-2023,CENTRALBK,MATCH,Common
24-04-2023,HINDOILEXP,MATCH,Common
24-04-2023,HUDCO,MATCH,Common
24-04-2023,IRFC,MATCH,Common
24-04-2023,JAIBALAJI,MATCH,Common
24-04-2023,JASH,MATCH,Common
24-04-2023,JWL,MATCH,Common
24-04-2023,LTF,MATCH,Common
24-04-2023,PNB,MATCH,Common
24-04-2023,SKIPPER,MATCH,Common
24-04-2023,SWARAJENG,MATCH,Common
24-04-2023,WESTLIFE,MATCH,Common
24-04-2024,ASHOKLEY,MATCH,Common
24-04-2024,BECTORFOOD,MATCH,Common
24-04-2024,DCBBANK,MATCH,Common
24-04-2024,DIVISLAB,MATCH,Common
24-04-2024,ENDURANCE,MATCH,Common
24-04-2024,GIPCL,MATCH,Common
24-04-2024,GMDCLTD,MATCH,Common
24-04-2024,JINDALSAW,MATCH,Common
24-04-2024,ONIDA,MATCH,Common
24-04-2024,SUPREMEIND,MATCH,Common
24-04-2024,VEEDOL,MATCH,Common
24-04-2026,RBLBANK,MATCH,Common
24-05-2019,GHCL,MATCH,Common
24-05-2019,PGHH,MATCH,Common
24-05-2019,VAIBHAVGBL,MATCH,Common
24-05-2021,EICHERMOT,MATCH,Common
24-05-2021,FIEMIND,MATCH,Common
24-05-2021,MACPOWER,MATCH,Common
24-05-2021,SHARDAMOTR,MATCH,Common
24-05-2023,RSYSTEMS,MATCH,Common
24-05-2023,SUDARSCHEM,MATCH,Common
24-06-2019,NTPC,MATCH,Common
24-06-2020,SIGMAADV,MATCH,Common
24-06-2022,IMAGICAA,MATCH,Common
24-06-2022,TVSHLTD,MATCH,Common
24-06-2024,AMBER,MATCH,Common
24-06-2024,ASIANENE,MATCH,Common
24-06-2024,BAJAJHLDNG,MATCH,Common
24-06-2024,HMT,MATCH,Common
24-06-2024,NSIL,MATCH,Common
24-06-2024,ROUTE,MATCH,Common
24-06-2024,SASKEN,MATCH,Common
24-06-2024,SHANTIGEAR,MATCH,Common
24-06-2025,AAVAS,MATCH,Common
24-06-2025,AMBUJACEM,MATCH,Common
24-06-2025,ASHOKLEY,MATCH,Common
24-06-2025,BAJAJCON,MATCH,Common
24-06-2025,BALAMINES,MATCH,Common
24-06-2025,BRITANNIA,MATCH,Common
24-06-2025,FINEORG,MATCH,Common
24-06-2025,IOC,MATCH,Common
24-06-2025,J&KBANK,MATCH,Common
24-06-2025,MUKANDLTD,MATCH,Common
24-06-2025,PAGEIND,MATCH,Common
24-06-2025,SHRIRAMFIN,MATCH,Common
24-06-2025,SPIC,MATCH,Common
24-06-2025,ULTRACEMCO,MATCH,Common
24-06-2026,CCL,MATCH,Common
24-06-2026,JSWCEMENT,MATCH,Common
24-06-2026,LTF,MATCH,Common
24-06-2026,RAMCOIND,MATCH,Common
24-07-2020,AMBUJACEM,MATCH,Common
24-07-2023,BASF,MATCH,Common
24-07-2023,DOLLAR,MATCH,Common
24-07-2023,MUKANDLTD,MATCH,Common
24-07-2023,PSPPROJECT,MATCH,Common
24-07-2023,RELAXO,MATCH,Common
24-07-2023,SOTL,MATCH,Common
24-07-2024,ACI,MATCH,Common
24-07-2024,IDBI,MATCH,Common
24-07-2024,MONARCH,MATCH,Common
24-07-2024,MRF,MATCH,Common
24-07-2024,NYKAA,MATCH,Common
24-07-2024,PDSL,MATCH,Common
24-07-2024,PFOCUS,MATCH,Common
24-07-2024,PSB,MATCH,Common
24-07-2024,TARSONS,MATCH,Common
24-07-2024,THEMISMED,MATCH,Common
24-07-2024,THYROCARE,MATCH,Common
24-07-2025,AUTOAXLES,MATCH,Common
24-07-2025,CIPLA,MATCH,Common
24-08-2020,AVTNPL,MATCH,Common
24-08-2020,TIMKEN,MATCH,Common
24-08-2020,WENDT,MATCH,Common
24-08-2021,ESCORTS,MATCH,Common
24-08-2021,HDFCBANK,MATCH,Common
24-08-2021,PGHH,MATCH,Common
24-08-2022,GARFIBRES,MATCH,Common
24-08-2022,MADRASFERT,MATCH,Common
24-08-2022,SALASAR,MATCH,Common
24-08-2023,EMBDL,MATCH,Common
24-08-2023,FILATEX,MATCH,Common
24-08-2023,IRCTC,MATCH,Common
24-08-2023,TIRUMALCHM,MATCH,Common
24-09-2019,RITES,MATCH,Common
24-09-2019,SUDARSCHEM,MATCH,Common
24-09-2021,DLINKINDIA,MATCH,Common
24-09-2021,GSFC,MATCH,Common
24-09-2024,CEATLTD,MATCH,Common
24-09-2024,GRINFRA,MATCH,Common
24-09-2024,LMW,MATCH,Common
24-09-2024,PGHL,MATCH,Common
24-09-2024,SHANTIGEAR,MATCH,Common
24-09-2024,VIDHIING,MATCH,Common
24-10-2019,HCLTECH,MATCH,Common
24-10-2019,THYROCARE,MATCH,Common
24-10-2022,ENGINERSIN,MATCH,Common
24-10-2022,IIFL,MATCH,Common
24-10-2022,IRFC,MATCH,Common
24-10-2022,WEALTH,MATCH,Common
24-10-2025,FILATEX,MATCH,Common
24-11-2020,AEGISLOG,MATCH,Common
24-11-2020,AUROPHARMA,MATCH,Common
24-11-2020,AVANTIFEED,MATCH,Common
24-11-2020,BHARATRAS,MATCH,Common
24-11-2020,DIAMONDYD,MATCH,Common
24-11-2020,DLINKINDIA,MATCH,Common
24-11-2020,GHCL,MATCH,Common
24-11-2020,IEX,MATCH,Common
24-11-2020,SIS,MATCH,Common
24-11-2020,SJVN,MATCH,Common
24-11-2020,WESTLIFE,MATCH,Common
24-11-2021,STEELXIND,MATCH,Common
24-11-2021,UEL,MATCH,Common
24-11-2022,AURUM,MATCH,Common
24-11-2022,HMT,MATCH,Common
24-11-2022,KPIGREEN,MATCH,Common
24-11-2023,BLUEDART,MATCH,Common
24-11-2023,MANYAVAR,MATCH,Common
24-11-2023,SIS,MATCH,Common
24-11-2023,SUPRIYA,MATCH,Common
24-11-2023,THYROCARE,MATCH,Common
24-11-2025,BLISSGVS,MATCH,Common
24-12-2019,SIGMAADV,MATCH,Common
24-12-2020,ALLDIGI,MATCH,Common
24-12-2020,TDPOWERSYS,MATCH,Common
24-12-2020,TTKPRESTIG,MATCH,Common
24-12-2021,APOLLO,MATCH,Common
24-12-2021,DLINKINDIA,MATCH,Common
24-12-2021,GUFICBIO,MATCH,Common
24-12-2021,KINGFA,MATCH,Common
24-12-2021,TEXINFRA,MATCH,Common
24-12-2025,RACLGEAR,MATCH,Common
25-01-2024,GANECOS,MATCH,Common
25-01-2024,VINDHYATEL,MATCH,Common
25-02-2019,DCBBANK,MATCH,Common
25-02-2019,NRBBEARING,MATCH,Common
25-02-2019,SYMPHONY,MATCH,Common
25-02-2020,INDIACEM,MATCH,Common
25-02-2021,ENGINERSIN,MATCH,Common
25-02-2021,KIOCL,MATCH,Common
25-02-2021,RICOAUTO,MATCH,Common
25-02-2026,FINCABLES,MATCH,Common
25-03-2022,ATUL,MATCH,Common
25-03-2022,EXPLEOSOL,MATCH,Common
25-03-2025,ASTERDM,MATCH,Common
25-04-2023,BANCOINDIA,MATCH,Common
25-04-2023,GSFC,MATCH,Common
25-04-2023,LLOYDSENGG,MATCH,Common
25-04-2023,RBLBANK,MATCH,Common
25-04-2023,RITES,MATCH,Common
25-04-2024,AXISBANK,MATCH,Common
25-04-2024,EIDPARRY,MATCH,Common
25-04-2024,FEDERALBNK,MATCH,Common
25-05-2021,GTLINFRA,MATCH,Common
25-05-2021,ITDC,MATCH,Common
25-05-2021,MHRIL,MATCH,Common
25-05-2021,SALZERELEC,MATCH,Common
25-05-2023,HIRECT,MATCH,Common
25-05-2023,JISLJALEQS,MATCH,Common
25-05-2023,TEJASNET,MATCH,Common
25-05-2026,RUBYMILLS,MATCH,Common
25-06-2019,COFORGE,MATCH,Common
25-06-2019,DREDGECORP,MATCH,Common
25-06-2019,TORNTPOWER,MATCH,Common
25-06-2020,FACT,MATCH,Common
25-06-2020,TI,MATCH,Common
25-06-2021,ZOTA,MATCH,Common
25-06-2024,ATULAUTO,MATCH,Common
25-06-2024,BANCOINDIA,MATCH,Common
25-06-2024,DRREDDY,MATCH,Common
25-06-2024,IZMO,MATCH,Common
25-06-2024,JINDALPHOT,MATCH,Common
25-06-2024,PATANJALI,MATCH,Common
25-06-2024,PGIL,MATCH,Common
25-06-2025,ATUL,MATCH,Common
25-06-2025,BPCL,MATCH,Common
25-06-2025,CLSEL,MATCH,Common
25-06-2025,CRAFTSMAN,MATCH,Common
25-06-2025,INDRAMEDCO,MATCH,Common
25-06-2025,JKLAKSHMI,MATCH,Common
25-06-2025,KIRLOSBROS,MATCH,Common
25-06-2025,MAHSEAMLES,MATCH,Common
25-06-2025,MGL,MATCH,Common
25-06-2025,NESTLEIND,MATCH,Common
25-06-2026,SAKSOFT,MATCH,Common
25-07-2022,NAVINFLUOR,MATCH,Common
25-07-2022,VINATIORGA,MATCH,Common
25-07-2023,GODFRYPHLP,MATCH,Common
25-07-2023,MSPL,MATCH,Common
25-07-2023,NBCC,MATCH,Common
25-07-2023,SOBHA,MATCH,Common
25-07-2023,WEL,MATCH,Common
25-07-2024,ADVENZYMES,MATCH,Common
25-07-2024,CCL,MATCH,Common
25-07-2024,JAMNAAUTO,MATCH,Common
25-07-2024,VIMTALABS,MATCH,Common
25-07-2024,YATHARTH,MATCH,Common
25-08-2020,BCG,MATCH,Common
25-08-2020,INDOSTAR,MATCH,Common
25-08-2020,SHANTIGEAR,MATCH,Common
25-08-2021,ADANIPORTS,MATCH,Common
25-08-2021,HIRECT,MATCH,Common
25-08-2021,INDIGO,MATCH,Common
25-08-2021,OPTIEMUS,MATCH,Common
25-08-2021,SBICARD,MATCH,Common
25-08-2021,SWSOLAR,MATCH,Common
25-08-2022,HNDFDS,MATCH,Common
25-08-2022,PNCINFRA,MATCH,Common
25-08-2022,SJS,MATCH,Common
25-08-2022,WALCHANNAG,MATCH,Common
25-08-2023,HFCL,MATCH,Common
25-08-2025,DIFFNKG,MATCH,Common
25-08-2025,JINDALPHOT,MATCH,Common
25-09-2019,MAHLIFE,MATCH,Common
25-09-2023,APOLLOHOSP,MATCH,Common
25-09-2023,APTUS,MATCH,Common
25-09-2023,BALRAMCHIN,MATCH,Common
25-09-2023,LALPATHLAB,MATCH,Common
25-09-2023,MAHASTEEL,MATCH,Common
25-09-2024,RENUKA,MATCH,Common
25-09-2025,RACLGEAR,MATCH,Common
25-10-2019,HAL,MATCH,Common
25-10-2022,LT,MATCH,Common
25-10-2022,RAILTEL,MATCH,Common
25-10-2022,SYNGENE,MATCH,Common
25-10-2022,UNITDSPR,MATCH,Common
25-11-2019,CUB,MATCH,Common
25-11-2019,NATCOPHARM,MATCH,Common
25-11-2020,CENTRUM,MATCH,Common
25-11-2020,FLUOROCHEM,MATCH,Common
25-11-2020,GALLANTT,MATCH,Common
25-11-2020,GANDHITUBE,MATCH,Common
25-11-2020,HINDOILEXP,MATCH,Common
25-11-2020,LAOPALA,MATCH,Common
25-11-2020,MANAPPURAM,MATCH,Common
25-11-2020,SANGAMIND,MATCH,Common
25-11-2021,AFFLE,MATCH,Common
25-11-2021,JINDALPOLY,MATCH,Common
25-11-2022,CARERATING,MATCH,Common
25-11-2022,GOODYEAR,MATCH,Common
25-11-2022,KINGFA,MATCH,Common
25-11-2022,LTF,MATCH,Common
25-11-2022,RELINFRA,MATCH,Common
25-11-2022,SONATSOFTW,MATCH,Common
25-11-2024,AZAD,MATCH,Common
25-11-2024,BAJAJHCARE,MATCH,Common
25-11-2024,CHAMBLFERT,MATCH,Common
25-11-2024,HBLENGINE,MATCH,Common
25-11-2024,HESTERBIO,MATCH,Common
25-11-2024,JISLJALEQS,MATCH,Common
25-11-2024,MANAKCOAT,MATCH,Common
25-11-2024,MANINFRA,MATCH,Common
25-11-2025,CENTURYPLY,MATCH,Common
26-02-2021,CCAVENUE,MATCH,Common
26-02-2021,DYNAMATECH,MATCH,Common
26-02-2026,TRIVENI,MATCH,Common
26-03-2019,AARTIIND,MATCH,Common
26-03-2019,CARBORUNIV,MATCH,Common
26-03-2019,ESABINDIA,MATCH,Common
26-03-2019,SOBHA,MATCH,Common
26-03-2021,SAKAR,MATCH,Common
26-04-2019,SBILIFE,MATCH,Common
26-04-2021,GOKEX,MATCH,Common
26-04-2021,IGARASHI,MATCH,Common
26-04-2021,INDRAMEDCO,MATCH,Common
26-04-2021,INGERRAND,MATCH,Common
26-04-2021,JAYBARMARU,MATCH,Common
26-04-2021,SHREDIGCEM,MATCH,Common
26-04-2021,SIGMAADV,MATCH,Common
26-04-2022,PATANJALI,MATCH,Common
26-04-2022,RAMKY,MATCH,Common
26-04-2023,CIEINDIA,MATCH,Common
26-04-2023,CRISIL,MATCH,Common
26-04-2023,DATAMATICS,MATCH,Common
26-04-2023,GIPCL,MATCH,Common
26-04-2023,GSPL,MATCH,Common
26-04-2024,COROMANDEL,MATCH,Common
26-04-2024,INDSWFTLAB,MATCH,Common
26-05-2020,MCX,MATCH,Common
26-05-2021,ACCELYA,MATCH,Common
26-05-2021,GVT&D,MATCH,Common
26-05-2022,BAJAJ-AUTO,MATCH,Common
26-05-2023,ISGEC,MATCH,Common
26-05-2023,PRINCEPIPE,MATCH,Common
26-05-2023,PSPPROJECT,MATCH,Common
26-05-2025,RELTD,MATCH,Common
26-05-2026,EXIDEIND,MATCH,Common
26-05-2026,IFCI,MATCH,Common
26-06-2019,CAPLIPOINT,MATCH,Common
26-06-2019,GRASIM,MATCH,Common
26-06-2019,JKIL,MATCH,Common
26-06-2019,SUPREMEIND,MATCH,Common
26-06-2020,REFEX,MATCH,Common
26-06-2023,COLPAL,MATCH,Common
26-06-2023,GANESHHOU,MATCH,Common
26-06-2023,GPPL,MATCH,Common
26-06-2023,JKTYRE,MATCH,Common
26-06-2023,SHAREINDIA,MATCH,Common
26-06-2024,ABBOTINDIA,MATCH,Common
26-06-2024,AMBER,MATCH,Common
26-06-2024,GHCLTEXTIL,MATCH,Common
26-06-2024,INDSWFTLAB,MATCH,Common
26-06-2024,LGBBROSLTD,MATCH,Common
26-06-2024,ORIENTCEM,MATCH,Common
26-06-2024,SASKEN,MATCH,Common
26-06-2025,APOLLOHOSP,MATCH,Common
26-06-2025,IOC,MATCH,Common
26-06-2025,PNB,MATCH,Common
26-07-2019,ADANIGREEN,MATCH,Common
26-07-2021,SUNTV,MATCH,Common
26-07-2023,COHANCE,MATCH,Common
26-07-2023,LICHSGFIN,MATCH,Common
26-07-2023,LUXIND,MATCH,Common
26-07-2023,RUPA,MATCH,Common
26-07-2023,SAMMAANCAP,MATCH,Common
26-07-2023,SHARDAMOTR,MATCH,Common
26-07-2023,TATAINVEST,MATCH,Common
26-07-2023,WEBELSOLAR,MATCH,Common
26-07-2024,ASIANTILES,MATCH,Common
26-07-2024,CREST,MATCH,Common
26-07-2024,DCW,MATCH,Common
26-07-2024,IGARASHI,MATCH,Common
26-07-2024,MUNJALAU,MATCH,Common
26-07-2024,NYKAA,MATCH,Common
26-07-2024,PDSL,MATCH,Common
26-07-2024,PSB,MATCH,Common
26-07-2024,PTC,MATCH,Common
26-07-2024,RENUKA,MATCH,Common
26-07-2024,SRF,MATCH,Common
26-07-2024,TATACOMM,MATCH,Common
26-07-2024,ZAGGLE,MATCH,Common
26-08-2019,DABUR,MATCH,Common
26-08-2019,DMART,MATCH,Common
26-08-2019,PETRONET,MATCH,Common
26-08-2019,RELAXO,MATCH,Common
26-08-2019,SUNTECK,MATCH,Common
26-08-2020,JWL,MATCH,Common
26-08-2020,TBZ,MATCH,Common
26-08-2021,BPCL,MATCH,Common
26-08-2021,ESABINDIA,MATCH,Common
26-08-2022,KPIL,MATCH,Common
26-08-2022,SJVN,MATCH,Common
26-08-2024,GOODLUCK,MATCH,Common
26-08-2024,HONASA,MATCH,Common
26-08-2024,JAGSNPHARM,MATCH,Common
26-08-2025,RTNINDIA,MATCH,Common
26-09-2024,SBCL,MATCH,Common
26-10-2021,IIFL,MATCH,Common
26-10-2023,SWANCORP,MATCH,Common
26-11-2018,AXISBANK,MATCH,Common
26-11-2018,VIPIND,MATCH,Common
26-11-2019,TI,MATCH,Common
26-11-2019,TORNTPHARM,MATCH,Common
26-11-2020,AUROPHARMA,MATCH,Common
26-11-2020,AVADHSUGAR,MATCH,Common
26-11-2020,AVANTIFEED,MATCH,Common
26-11-2020,BAJAJ-AUTO,MATCH,Common
26-11-2020,BAJAJCON,MATCH,Common
26-11-2020,GHCL,MATCH,Common
26-11-2020,GREENLAM,MATCH,Common
26-11-2020,KIRIINDUS,MATCH,Common
26-11-2020,NAHARSPING,MATCH,Common
26-11-2020,RUBYMILLS,MATCH,Common
26-11-2020,SHANTIGEAR,MATCH,Common
26-11-2021,CIPLA,MATCH,Common
26-11-2024,BIOCON,MATCH,Common
26-11-2024,ETHOSLTD,MATCH,Common
26-11-2024,FACT,MATCH,Common
26-11-2024,KCP,MATCH,Common
26-11-2024,RUBYMILLS,MATCH,Common
26-11-2024,SWARAJENG,MATCH,Common
26-11-2024,TIRUMALCHM,MATCH,Common
26-11-2025,FINOPB,MATCH,Common
26-11-2025,HUDCO,MATCH,Common
26-11-2025,INDIGO,MATCH,Common
26-11-2025,PHOENIXLTD,MATCH,Common
26-12-2018,PIIND,MATCH,Common
26-12-2019,FIEMIND,MATCH,Common
26-12-2019,KICL,MATCH,Common
26-12-2019,TRIVENI,MATCH,Common
26-12-2022,WEL,MATCH,Common
26-12-2023,YUKEN,DIFF,Only in File2 (1707)
26-12-2023,DCW,DIFF,Common
26-12-2023,GREAVESCOT,DIFF,Common
26-12-2023,GUJALKALI,DIFF,Common
26-12-2023,SULA,DIFF,Common
26-12-2024,AARTIPHARM,MATCH,Common
26-12-2024,CAMPUS,MATCH,Common
26-12-2024,HINDPETRO,MATCH,Common
26-12-2025,MARICO,MATCH,Common
27-01-2020,PATANJALI,MATCH,Common
27-01-2022,PSPPROJECT,MATCH,Common
27-01-2023,YUKEN,MISSING_IN_FILE1,Only in File2 (1707)
27-01-2025,RPGLIFE,MATCH,Common
27-02-2026,SARDAEN,MATCH,Common
27-03-2019,AIAENG,MATCH,Common
27-03-2019,HCLTECH,MATCH,Common
27-03-2019,JSWENERGY,MATCH,Common
27-03-2019,PGHL,MATCH,Common
27-03-2019,SIEMENS,MATCH,Common
27-03-2023,ABBOTINDIA,MATCH,Common
27-03-2023,ALKEM,MATCH,Common
27-03-2023,DRREDDY,MATCH,Common
27-04-2020,AARTIIND,MATCH,Common
27-04-2020,BHARATRAS,MATCH,Common
27-04-2020,DEEPAKNTR,MATCH,Common
27-04-2020,NEOGEN,MATCH,Common
27-04-2020,PFIZER,MATCH,Common
27-04-2020,SRF,MATCH,Common
27-04-2020,TATACONSUM,MATCH,Common
27-04-2020,TORNTPOWER,MATCH,Common
27-04-2021,BHARATRAS,MATCH,Common
27-04-2021,CARERATING,MATCH,Common
27-04-2021,JINDALSAW,MATCH,Common
27-04-2021,KIOCL,MATCH,Common
27-04-2021,OFSS,MATCH,Common
27-04-2021,SUDARSCHEM,MATCH,Common
27-04-2021,SUNTV,MATCH,Common
27-04-2022,OMAXE,MATCH,Common
27-04-2023,BANKINDIA,MATCH,Common
27-04-2023,COFORGE,MATCH,Common
27-04-2023,FSL,MATCH,Common
27-04-2023,RBLBANK,MATCH,Common
27-04-2023,RML,MATCH,Common
27-04-2026,INDUSINDBK,MATCH,Common
27-04-2026,LINCOLN,MATCH,Common
27-04-2026,RKFORGE,MATCH,Common
27-04-2026,RRKABEL,MATCH,Common
27-04-2026,SOUTHBANK,MATCH,Common
27-04-2026,SUNPHARMA,MATCH,Common
27-05-2019,CROMPTON,MATCH,Common
27-05-2019,NESTLEIND,MATCH,Common
27-05-2019,SOLARA,MATCH,Common
27-05-2019,TCI,MATCH,Common
27-05-2020,TIPSMUSIC,MATCH,Common
27-05-2021,CANTABIL,MATCH,Common
27-05-2021,ORISSAMINE,MATCH,Common
27-05-2021,SHARDAMOTR,MATCH,Common
27-05-2024,ZFCVINDIA,MATCH,Common
27-05-2025,SMLMAH,MATCH,Common
27-05-2026,CAMS,MATCH,Common
27-06-2019,BDL,MATCH,Common
27-06-2019,DREDGECORP,MATCH,Common
27-06-2019,JSWDULUX,MATCH,Common
27-06-2023,BAJAJELEC,MATCH,Common
27-06-2023,DIVISLAB,MATCH,Common
27-06-2023,SASKEN,MATCH,Common
27-06-2023,TIMKEN,MATCH,Common
27-06-2024,BIRLACORPN,MATCH,Common
27-06-2024,CEATLTD,MATCH,Common
27-06-2024,DRREDDY,MATCH,Common
27-06-2024,FSL,MATCH,Common
27-06-2024,UGROCAP,MATCH,Common
27-06-2025,PFOCUS,MATCH,Common
27-06-2025,SANGAMIND,MATCH,Common
27-07-2020,EPL,MATCH,Common
27-07-2021,GABRIEL,MATCH,Common
27-07-2022,PATANJALI,MATCH,Common
27-07-2022,SUNPHARMA,MATCH,Common
27-07-2023,ITI,MATCH,Common
27-08-2019,ASTRAL,MATCH,Common
27-08-2019,HONAUT,MATCH,Common
27-08-2019,PHOENIXLTD,MATCH,Common
27-08-2019,SOLARA,MATCH,Common
27-08-2019,UNITDSPR,MATCH,Common
27-08-2021,ICICIGI,MATCH,Common
27-08-2024,TATAINVEST,MATCH,Common
27-09-2019,ABB,MATCH,Common
27-09-2019,ASHAPURMIN,MATCH,Common
27-09-2021,ATULAUTO,MATCH,Common
27-09-2021,IDBI,MATCH,Common
27-09-2021,IMAGICAA,MATCH,Common
27-09-2021,LEMONTREE,MATCH,Common
27-09-2021,PATELENG,MATCH,Common
27-09-2021,SHOPERSTOP,MATCH,Common
27-09-2021,TFCILTD,MATCH,Common
27-09-2022,ASALCBR,MATCH,Common
27-09-2023,APOLLOHOSP,MATCH,Common
27-09-2023,APTUS,MATCH,Common
27-09-2023,BALRAMCHIN,MATCH,Common
27-09-2023,NYKAA,MATCH,Common
27-09-2024,GRINFRA,MATCH,Common
27-09-2024,LMW,MATCH,Common
27-09-2024,RENUKA,MATCH,Common
27-09-2024,ROLEXRINGS,MATCH,Common
27-09-2024,SHANTIGEAR,MATCH,Common
27-10-2020,CHOLAFIN,MATCH,Common
27-10-2022,BBL,MATCH,Common
27-10-2022,IRCON,MATCH,Common
27-10-2022,JAYBARMARU,MATCH,Common
27-10-2022,WEALTH,MATCH,Common
27-10-2025,BHARTIHEXA,MATCH,Common
27-10-2025,CIGNITITEC,MATCH,Common
27-10-2025,GESHIP,MATCH,Common
27-10-2025,GRAPHITE,MATCH,Common
27-10-2025,GRASIM,MATCH,Common
27-10-2025,HATSUN,MATCH,Common
27-10-2025,HEG,MATCH,Common
27-10-2025,IDBI,MATCH,Common
27-10-2025,RRKABEL,MATCH,Common
27-10-2025,WELCORP,MATCH,Common
27-11-2019,GOKULAGRO,MATCH,Common
27-11-2019,RATNAMANI,MATCH,Common
27-11-2020,APOLLO,MATCH,Common
27-11-2020,CREST,MATCH,Common
27-11-2020,EIMCOELECO,MATCH,Common
27-11-2020,HINDZINC,MATCH,Common
27-11-2020,TITAGARH,MATCH,Common
27-11-2025,MSPL,MATCH,Common
27-12-2018,OLECTRA,MATCH,Common
27-12-2019,DLINKINDIA,MATCH,Common
27-12-2019,RHIM,MATCH,Common
27-12-2021,BALRAMCHIN,MATCH,Common
27-12-2021,DEEPAKNTR,MATCH,Common
27-12-2021,DSSL,MATCH,Common
27-12-2021,IMPAL,MATCH,Common
27-12-2021,RESPONIND,MATCH,Common
27-12-2021,SJVN,MATCH,Common
27-12-2022,ASHOKA,MATCH,Common
27-12-2022,BAJAJELEC,MATCH,Common
27-12-2022,CUPID,MATCH,Common
27-12-2022,HINDALCO,MATCH,Common
27-12-2022,INDIGO,MATCH,Common
27-12-2022,MUKANDLTD,MATCH,Common
27-12-2022,NAVA,MATCH,Common
27-12-2022,SUNFLAG,MATCH,Common
27-12-2022,TALBROAUTO,MATCH,Common
27-12-2023,JKPAPER,MATCH,Common
27-12-2023,MAYURUNIQ,MATCH,Common
27-12-2023,UFLEX,MATCH,Common
27-12-2024,ABBOTINDIA,MATCH,Common
28-01-2019,MAHASTEEL,MATCH,Common
28-01-2020,AARTIIND,MATCH,Common
28-01-2022,NAVA,MATCH,Common
28-01-2022,SUMMITSEC,MATCH,Common
28-01-2025,SHREECEM,MATCH,Common
28-01-2026,BEL,MATCH,Common
28-01-2026,NTPC,MATCH,Common
28-01-2026,SHARDACROP,MATCH,Common
28-02-2023,FOSECOIND,MATCH,Common
28-03-2019,BOSCH-HCIL,MATCH,Common
28-03-2019,CASTROLIND,MATCH,Common
28-03-2019,EIHOTEL,MATCH,Common
28-03-2019,JSWDULUX,MATCH,Common
28-03-2019,TCI,MATCH,Common
28-03-2022,ARTEMISMED,MATCH,Common
28-03-2022,BEML,MATCH,Common
28-03-2022,BHARTIARTL,MATCH,Common
28-03-2022,GAIL,MATCH,Common
28-03-2022,SEAMECLTD,MATCH,Common
28-03-2023,ASHIANA,MATCH,Common
28-03-2023,ASIANHOTNR,MATCH,Common
28-03-2023,IIFL,MATCH,Common
28-04-2020,IGL,MATCH,Common
28-04-2021,RENUKA,MATCH,Common
28-04-2022,COROMANDEL,MATCH,Common
28-04-2022,SHANTIGEAR,MATCH,Common
28-04-2023,ANUP,MATCH,Common
28-04-2023,CHALET,MATCH,Common
28-04-2023,EIHOTEL,MATCH,Common
28-04-2023,JKCEMENT,MATCH,Common
28-04-2023,LLOYDSENGG,MATCH,Common
28-04-2026,KMEW,MATCH,Common
28-04-2026,YATHARTH,MATCH,Common
28-05-2019,ELGIEQUIP,MATCH,Common
28-05-2021,HDFCAMC,MATCH,Common
28-05-2021,SALZERELEC,MATCH,Common
28-05-2025,ARMANFIN,MATCH,Common
28-05-2025,WELCORP,MATCH,Common
28-06-2022,FMGOETZE,MATCH,Common
28-06-2023,ALKEM,MATCH,Common
28-06-2023,HEMIPROP,MATCH,Common
28-06-2023,SALASAR,MATCH,Common
28-06-2023,SHAREINDIA,MATCH,Common
28-06-2024,ABBOTINDIA,MATCH,Common
28-06-2024,IGL,MATCH,Common
28-07-2020,ADVENZYMES,MATCH,Common
28-07-2020,INFOBEAN,MATCH,Common
28-07-2020,SUPREMEIND,MATCH,Common
28-07-2020,TCS,MATCH,Common
28-07-2023,JMFINANCIL,MATCH,Common
28-07-2023,PETRONET,MATCH,Common
28-07-2023,PSPPROJECT,MATCH,Common
28-07-2023,RBA,MATCH,Common
28-07-2023,SHARDAMOTR,MATCH,Common
28-07-2023,TATACHEM,MATCH,Common
28-08-2023,CARTRADE,MATCH,Common
28-08-2023,DEEPAKNTR,MATCH,Common
28-08-2023,GHCL,MATCH,Common
28-08-2023,GREAVESCOT,MATCH,Common
28-09-2020,DABUR,MATCH,Common
28-09-2020,GODREJCP,MATCH,Common
28-09-2020,GRSE,MATCH,Common
28-09-2020,PCBL,MATCH,Common
28-09-2020,SEAMECLTD,MATCH,Common
28-09-2020,SUPRAJIT,MATCH,Common
28-09-2021,BHEL,MATCH,Common
28-09-2021,CANBK,MATCH,Common
28-09-2023,SCHAEFFLER,MATCH,Common
28-10-2020,DELTACORP,MATCH,Common
28-10-2020,HBLENGINE,MATCH,Common
28-10-2022,NH,MATCH,Common
28-10-2024,INDIANB,MATCH,Common
28-10-2025,BHEL,MATCH,Common
28-10-2025,DREDGECORP,MATCH,Common
28-10-2025,UPL,MATCH,Common
28-11-2018,RELIANCE,MATCH,Common
28-11-2022,PFIZER,MATCH,Common
28-11-2022,PFOCUS,MATCH,Common
28-11-2023,JUBLPHARMA,MATCH,Common
28-11-2023,SAIL,MATCH,Common
28-11-2025,SUPRAJIT,MATCH,Common
28-12-2020,DABUR,MATCH,Common
28-12-2020,GLAXO,MATCH,Common
28-12-2020,INFOBEAN,MATCH,Common
28-12-2020,JWL,MATCH,Common
28-12-2020,LGBBROSLTD,MATCH,Common
28-12-2020,NACLIND,MATCH,Common
28-12-2020,NAVA,MATCH,Common
28-12-2020,RTNINDIA,MATCH,Common
28-12-2020,SIRCA,MATCH,Common
28-12-2020,STEL,MATCH,Common
28-12-2021,ALLDIGI,MATCH,Common
28-12-2021,ANANTRAJ,MATCH,Common
28-12-2021,BGRENERGY,MATCH,Common
28-12-2021,CENTENKA,MATCH,Common
28-12-2021,FCL,MATCH,Common
28-12-2021,HIMATSEIDE,MATCH,Common
28-12-2021,INDORAMA,MATCH,Common
28-12-2021,JAGSNPHARM,MATCH,Common
28-12-2021,PENIND,MATCH,Common
28-12-2021,PIDILITIND,MATCH,Common
28-12-2021,TARIL,MATCH,Common
28-12-2022,INDSWFTLAB,MATCH,Common
28-12-2022,KIOCL,MATCH,Common
28-12-2022,LICHSGFIN,MATCH,Common
28-12-2022,RML,MATCH,Common
28-12-2022,SPIC,MATCH,Common
28-12-2023,NAVNETEDUL,MATCH,Common
28-12-2023,SULA,MATCH,Common
29-01-2020,JAIBALAJI,MATCH,Common
29-01-2024,DELHIVERY,MATCH,Common
29-01-2024,INDORAMA,MATCH,Common
29-01-2024,JPOLYINVST,MATCH,Common
29-01-2024,KIRLPNU,MATCH,Common
29-01-2024,SHAILY,MATCH,Common
29-01-2026,RAMCOCEM,MATCH,Common
29-02-2024,BERGEPAINT,MATCH,Common
29-02-2024,MFSL,MATCH,Common
29-03-2019,INSECTICID,MATCH,Common
29-03-2019,TRIDENT,MATCH,Common
29-03-2019,VBL,MATCH,Common
29-03-2022,GREENPLY,MATCH,Common
29-03-2022,MARATHON,MATCH,Common
29-03-2022,PFOCUS,MATCH,Common
29-03-2022,PRICOLLTD,MATCH,Common
29-03-2023,BDL,MATCH,Common
29-03-2023,NITINSPIN,MATCH,Common
29-04-2020,SOLARA,MATCH,Common
29-04-2021,GOKEX,MATCH,Common
29-04-2021,INGERRAND,MATCH,Common
29-04-2021,MOIL,MATCH,Common
29-04-2024,AURUM,MATCH,Common
29-04-2024,GABRIEL,MATCH,Common
29-04-2024,KEC,MATCH,Common
29-04-2024,NITINSPIN,MATCH,Common
29-04-2025,GRSE,MATCH,Common
29-04-2026,INDOBORAX,MATCH,Common
29-04-2026,NELCAST,MATCH,Common
29-04-2026,PIXTRANS,MATCH,Common
29-04-2026,SJS,MATCH,Common
29-05-2023,AHLUCONT,MATCH,Common
29-05-2023,BOROLTD,MATCH,Common
29-05-2023,ELECTHERM,MATCH,Common
29-05-2023,GREENLAM,MATCH,Common
29-05-2023,HITECHGEAR,MATCH,Common
29-05-2023,RAMRAT,MATCH,Common
29-05-2024,ICEMAKE,MATCH,Common
29-05-2025,HEG,MATCH,Common
29-06-2020,BHARATRAS,MATCH,Common
29-06-2021,VESUVIUS,MATCH,Common
29-06-2026,AVADHSUGAR,MATCH,Common
29-06-2026,BANSALWIRE,MATCH,Common
29-06-2026,KABRAEXTRU,MATCH,Common
29-06-2026,KSL,MATCH,Common
29-07-2019,ZYDUSWELL,MATCH,Common
29-07-2020,CGCL,MATCH,Common
29-07-2022,INFOBEAN,MATCH,Common
29-07-2022,NHPC,MATCH,Common
29-07-2022,NTPC,MATCH,Common
29-07-2022,TORNTPHARM,MATCH,Common
29-07-2024,HIRECT,MATCH,Common
29-07-2024,NAVNETEDUL,MATCH,Common
29-07-2024,RPSGVENT,MATCH,Common
29-07-2025,JAYNECOIND,MATCH,Common
29-08-2019,DABUR,MATCH,Common
29-08-2019,SOLARA,MATCH,Common
29-08-2022,PARAS,MATCH,Common
29-08-2023,DCMSHRIRAM,MATCH,Common
29-08-2023,INDIACEM,MATCH,Common
29-08-2023,IPL,MATCH,Common
29-08-2023,NAVINFLUOR,MATCH,Common
29-08-2025,JINDALPHOT,MATCH,Common
29-09-2020,CEATLTD,MATCH,Common
29-09-2020,NH,MATCH,Common
29-09-2020,PFOCUS,MATCH,Common
29-09-2020,SAGCEM,MATCH,Common
29-09-2020,TITAN,MATCH,Common
29-09-2021,AXISCADES,MATCH,Common
29-09-2021,BGRENERGY,MATCH,Common
29-09-2021,GODFRYPHLP,MATCH,Common
29-09-2022,3MINDIA,MATCH,Common
29-09-2022,ESABINDIA,MATCH,Common
29-09-2023,APOLLOHOSP,MATCH,Common
29-09-2023,BIOCON,MATCH,Common
29-09-2023,GUJALKALI,MATCH,Common
29-09-2023,LALPATHLAB,MATCH,Common
29-09-2025,BPCL,MATCH,Common
29-09-2025,IOC,MATCH,Common
29-09-2025,PUNJABCHEM,MATCH,Common
29-09-2025,UJJIVANSFB,MATCH,Common
29-09-2025,VSSL,MATCH,Common
29-10-2018,ICICIBANK,MATCH,Common
29-10-2018,JKPAPER,MATCH,Common
29-10-2020,CHOLAFIN,MATCH,Common
29-10-2024,HIMATSEIDE,MATCH,Common
29-10-2024,PARADEEP,MATCH,Common
29-10-2024,RAMCOCEM,MATCH,Common
29-10-2025,ADANIGREEN,MATCH,Common
29-10-2025,GPPL,MATCH,Common
29-10-2025,NBCC,MATCH,Common
29-10-2025,SALASAR,MATCH,Common
29-10-2025,STAR,MATCH,Common
29-11-2018,AXISBANK,MATCH,Common
29-11-2018,JWL,MATCH,Common
29-11-2021,DIAMONDYD,MATCH,Common
29-11-2022,DRREDDY,MATCH,Common
29-11-2022,ICRA,MATCH,Common
29-11-2022,LUPIN,MATCH,Common
29-11-2022,PIDILITIND,MATCH,Common
29-11-2023,AARTIPHARM,MATCH,Common
29-11-2023,CCL,MATCH,Common
29-11-2023,INFY,MATCH,Common
29-11-2023,M&M,MATCH,Common
29-11-2023,MANAPPURAM,MATCH,Common
29-11-2023,POONAWALLA,MATCH,Common
29-11-2023,POWERMECH,MATCH,Common
29-11-2023,PVRINOX,MATCH,Common
29-11-2023,RELINFRA,MATCH,Common
29-11-2023,TECHM,MATCH,Common
29-11-2023,UTIAMC,MATCH,Common
29-12-2020,DHANBANK,MATCH,Common
29-12-2020,HIRECT,MATCH,Common
29-12-2020,INGERRAND,MATCH,Common
29-12-2020,KIRLOSENG,MATCH,Common
29-12-2020,RICOAUTO,MATCH,Common
29-12-2020,ZOTA,MATCH,Common
29-12-2021,JBCHEPHARM,MATCH,Common
29-12-2021,KEC,MATCH,Common
29-12-2021,MSPL,MATCH,Common
29-12-2021,RAIN,MATCH,Common
29-12-2021,RESPONIND,MATCH,Common
29-12-2021,SPARC,MATCH,Common
29-12-2022,GPIL,MATCH,Common
29-12-2022,HINDZINC,MATCH,Common
29-12-2022,KEC,MATCH,Common
29-12-2022,SAMMAANCAP,MATCH,Common
29-12-2022,SJS,MATCH,Common
29-12-2022,SURYODAY,MATCH,Common
29-12-2022,TALBROAUTO,MATCH,Common
29-12-2022,WEL,MATCH,Common
29-12-2023,ICRA,MATCH,Common
29-12-2023,MAYURUNIQ,MATCH,Common
29-12-2025,TATASTEEL,MATCH,Common
30-01-2019,VBL,MATCH,Common
30-01-2020,GREENLAM,MATCH,Common
30-01-2023,DATAPATTNS,MATCH,Common
30-01-2023,RADICO,MATCH,Common
30-01-2024,JAMNAAUTO,MATCH,Common
30-01-2024,MSUMI,MATCH,Common
30-01-2024,PFOCUS,MATCH,Common
30-01-2024,SERVOTECH,MATCH,Common
30-01-2025,KARURVYSYA,MATCH,Common
30-01-2025,SWARAJENG,MATCH,Common
30-01-2025,UPL,MATCH,Common
30-03-2021,DABUR,MATCH,Common
30-03-2021,JSWDULUX,MATCH,Common
30-03-2022,HOMEFIRST,MATCH,Common
30-03-2022,SAFARI,MATCH,Common
30-03-2022,SAREGAMA,MATCH,Common
30-04-2019,GOLDIAM,MATCH,Common
30-04-2019,GREAVESCOT,MATCH,Common
30-04-2020,BHARTIARTL,MATCH,Common
30-04-2020,DHANUKA,MATCH,Common
30-04-2020,EPL,MATCH,Common
30-04-2026,BAJAJ-AUTO,MATCH,Common
30-04-2026,EBGNG,MATCH,Common
30-05-2019,DEEPINDS,MATCH,Common
30-05-2019,TRENT,MATCH,Common
30-05-2022,ROLEXRINGS,MATCH,Common
30-05-2022,TIMKEN,MATCH,Common
30-05-2023,AIAENG,MATCH,Common
30-05-2023,ASTRAZEN,MATCH,Common
30-05-2023,RADICO,MATCH,Common
30-05-2023,VENUSREM,MATCH,Common
30-05-2024,SUPRAJIT,MATCH,Common
30-05-2025,63MOONS,MATCH,Common
30-05-2025,BERGEPAINT,MATCH,Common
30-05-2025,DHANBANK,MATCH,Common
30-05-2025,PUNJABCHEM,MATCH,Common
30-05-2025,WOCKPHARMA,MATCH,Common
30-06-2021,EIMCOELECO,MATCH,Common
30-06-2023,BIOCON,MATCH,Common
30-06-2023,DCBBANK,MATCH,Common
30-06-2023,HEROMOTOCO,MATCH,Common
30-06-2023,IIFL,MATCH,Common
30-06-2023,MAYURUNIQ,MATCH,Common
30-06-2023,PRSMJOHNSN,MATCH,Common
30-06-2023,PRUDENT,MATCH,Common
30-06-2023,SOUTHBANK,MATCH,Common
30-06-2023,VISHNU,MATCH,Common
30-06-2025,MAHABANK,MATCH,Common
30-06-2025,SATIN,MATCH,Common
30-06-2025,UPL,MATCH,Common
30-06-2026,MANKIND,MATCH,Common
30-06-2026,OLAELEC,MATCH,Common
30-06-2026,SMSPHARMA,MATCH,Common
30-06-2026,TITAN,MATCH,Common
30-06-2026,WENDT,MATCH,Common
30-07-2020,DABUR,MATCH,Common
30-07-2021,SUNTV,MATCH,Common
30-07-2024,DEEPINDS,MATCH,Common
30-07-2024,RUBYMILLS,MATCH,Common
30-07-2025,ACUTAAS,MATCH,Common
30-07-2025,BLKASHYAP,MATCH,Common
30-07-2025,GPTHEALTH,MATCH,Common
30-08-2021,AXISBANK,MATCH,Common
30-08-2021,IOC,MATCH,Common
30-08-2023,JUBLFOOD,MATCH,Common
30-09-2020,DABUR,MATCH,Common
30-09-2020,GODREJCP,MATCH,Common
30-09-2020,GOKEX,MATCH,Common
30-09-2020,RAMCOCEM,MATCH,Common
30-09-2020,TRENT,MATCH,Common
30-09-2021,INDIANB,MATCH,Common
30-09-2021,IOB,MATCH,Common
30-09-2021,ONIDA,MATCH,Common
30-09-2021,TFCILTD,MATCH,Common
30-09-2022,CARBORUNIV,MATCH,Common
30-09-2022,EIDPARRY,MATCH,Common
30-09-2024,APLLTD,MATCH,Common
30-09-2024,ASTRAZEN,MATCH,Common
30-09-2024,BAYERCROP,MATCH,Common
30-09-2024,RRKABEL,MATCH,Common
30-09-2025,ASTRAZEN,MATCH,Common
30-09-2025,BANKINDIA,MATCH,Common
30-09-2025,CUB,MATCH,Common
30-09-2025,IFGLEXPOR,MATCH,Common
30-09-2025,JINDALSTEL,MATCH,Common
30-09-2025,MOIL,MATCH,Common
30-09-2025,NATIONALUM,MATCH,Common
30-09-2025,SCHAEFFLER,MATCH,Common
30-10-2018,CGCL,MATCH,Common
30-10-2018,TIIL,MATCH,Common
30-10-2020,GSFC,MATCH,Common
30-10-2020,HFCL,MATCH,Common
30-10-2020,SALZERELEC,MATCH,Common
30-10-2023,TEXINFRA,MATCH,Common
30-10-2023,WEL,MATCH,Common
30-10-2024,PRECOT,DIFF,Only in File1 (2207)
30-10-2024,BANCOINDIA,DIFF,Common
30-10-2024,PDSL,DIFF,Common
30-10-2024,PRECAM,DIFF,Common
30-10-2025,AJMERA,MATCH,Common
30-10-2025,MEDIASSIST,MATCH,Common
30-11-2021,TALBROAUTO,MATCH,Common
30-11-2022,REPCOHOME,MATCH,Common
30-11-2022,SAKSOFT,MATCH,Common
30-11-2023,ABB,MATCH,Common
30-11-2023,SHREECEM,MATCH,Common
30-12-2019,TMPV,MATCH,Common
30-12-2020,CONTROLPR,MATCH,Common
30-12-2020,IIFLCAPS,MATCH,Common
30-12-2020,INDIAGLYCO,MATCH,Common
30-12-2020,NACLIND,MATCH,Common
30-12-2020,STARCEMENT,MATCH,Common
30-12-2021,CENTENKA,MATCH,Common
30-12-2021,IMPAL,MATCH,Common
30-12-2022,DEEPINDS,MATCH,Common
30-12-2022,HIKAL,MATCH,Common
30-12-2022,HINDWAREAP,MATCH,Common
30-12-2022,PNCINFRA,MATCH,Common
30-12-2022,SARDAEN,MATCH,Common
30-12-2022,VSSL,MATCH,Common
30-12-2024,ITI,MATCH,Common
30-12-2025,AUTOAXLES,MATCH,Common
30-12-2025,CANTABIL,MATCH,Common
30-12-2025,DOLPHIN,MATCH,Common
30-12-2025,IIFLCAPS,MATCH,Common
30-12-2025,ORIENTTECH,MATCH,Common
31-01-2019,ANDHRAPAP,MATCH,Common
31-01-2019,CANTABIL,MATCH,Common
31-01-2019,DABUR,MATCH,Common
31-01-2022,AMBER,MATCH,Common
31-01-2022,CHALET,MATCH,Common
31-01-2023,ANDHRAPAP,MATCH,Common
31-01-2024,MHRIL,MATCH,Common
31-01-2024,NAHARSPING,MATCH,Common
31-01-2024,SHILPAMED,MATCH,Common
31-01-2024,VEDL,MATCH,Common
31-01-2024,VTL,MATCH,Common
31-01-2025,NH,MATCH,Common
31-03-2021,TCPLPACK,MATCH,Common
31-03-2022,ARTEMISMED,MATCH,Common
31-03-2022,PRESTIGE,MATCH,Common
31-03-2023,BALRAMCHIN,MATCH,Common
31-03-2023,OFSS,MATCH,Common
31-05-2019,BERGEPAINT,MATCH,Common
31-05-2019,PHOENIXLTD,MATCH,Common
31-05-2019,TCI,MATCH,Common
31-05-2021,CAPACITE,MATCH,Common
31-05-2021,IBULLSLTD,MATCH,Common
31-07-2019,ZYDUSWELL,MATCH,Common
31-07-2020,KRBL,MATCH,Common
31-07-2023,RAMCOSYS,MATCH,Common
31-07-2023,STEELCAS,MATCH,Common
31-07-2025,HINDUNILVR,MATCH,Common
31-08-2023,MSUMI,MATCH,Common
31-10-2018,RSYSTEMS,MATCH,Common
31-10-2022,DYNAMATECH,MATCH,Common
31-10-2022,GRASIM,MATCH,Common
31-10-2022,HFCL,MATCH,Common
31-10-2023,ASIANHOTNR,MATCH,Common
31-10-2023,GALAXYSURF,MATCH,Common
31-10-2024,ANGELONE,MATCH,Common
31-10-2024,JBCHEPHARM,MATCH,Common
31-10-2024,NITINSPIN,MATCH,Common
31-10-2024,USHAMART,MATCH,Common
31-10-2025,IDBI,MATCH,Common
31-10-2025,LATENTVIEW,MATCH,Common
31-12-2020,DHANBANK,MATCH,Common
31-12-2020,DYNAMATECH,MATCH,Common
31-12-2020,GLAXO,MATCH,Common
31-12-2020,SMLMAH,MATCH,Common
31-12-2020,SWSOLAR,MATCH,Common
31-12-2021,ANANTRAJ,MATCH,Common
31-12-2021,HINDALCO,MATCH,Common
31-12-2021,PIDILITIND,MATCH,Common
31-12-2024,APEX,MATCH,Common
31-12-2024,AVANTIFEED,MATCH,Common
31-12-2025,INDUSINDBK,MATCH,Common
31-12-2025,MASFIN,MATCH,Common
31-12-2025,ZYDUSWELL,MATCH,Common
